1,LgnLvy42@gmail.com,Sophia Thomas,"United States, Delaware, Claymont, 10th St, 75, 36167",2014-10-13,Greyhound Package Express,ShopPay
2,mmrrs64@gmail.com,Emily Marie Katz,"United States, Massachusetts, Cambridge, 2nd Ave, 107, 40299",2014-10-29,UPS,ShopPay
3,JlJnsn85@gmail.com,Ofek Martinez,"United States, Hawaii, Kailua, Willow St, 37, 46053",2014-11-02,Freight Shipping,Klarna
4,LgnTms03@gmail.com,Sophia Lynn Dahan,"United States, Massachusetts, Somerville, High St, 78, 65778",2014-11-02,Regional Carriers,Klarna
5,rprCrlsFrdmn61@gmail.com,Madison Ann Wilson,"United States, Nevada, Paradise, Meadow Ln, 59, 14929",2014-11-07,Regional Carriers,Klarna
6,frGv06@gmail.com,Avery Moore,"United States, Alabama, Huntsville, Short St, 43, 36933",2014-11-10,Click & Collect,Klarna
7,sbllJns35@gmail.com,Abigail Friedman,"United States, Louisiana, Shreveport, School St, 59, 53930",2014-11-10,Click & Collect,Klarna
8,JmsLws47@gmail.com,Oren Robinson,"United States, Alaska, Kenai, 5th St, 101, 02137",2014-11-11,Air Cargo,ShopPay
9,LgnGnzlz98@gmail.com,Elijah Lee,"United States, Arizona, Avondale, West St, 23, 31712",2014-11-14,Regional Carriers,Klarna
10,JlJnsn85@gmail.com,Charlotte Davis,"United States, Arizona, Yuma, Railroad St, 52, 49595",2014-11-23,FedEx,Klarna
11,mlJns10@gmail.com,Gefen Gonzalez,"United States, Massachusetts, New Bedford, 4th St, 19, 26553",2014-11-24,Regional Carriers,ShopPay
12,GfnJsprnndz85@gmail.com,Charlotte Lee Mizrahi,"United States, Alabama, Madison, Park Ave, 43, 12464",2014-11-27,Air Cargo,ShopPay
13,JlJnsn95@gmail.com,Elijah Hernandez,"United States, Arkansas, Russellville, 8th St, 32, 24320",2014-11-27,DHL,ShopPay
14,lvRdrgz49@gmail.com,Mason Lopez,"United States, Alabama, Madison, 3rd St, 101, 99651",2014-12-02,Air Cargo,ShopPay
15,JcksnMzlMr37@gmail.com,Aiden Jones,"United States, Nevada, Pahrump, S Main St, 110, 64040",2014-12-04,UPS,ShopPay
16,LcsSncz58@gmail.com,Elijah Charles Harris,"United States, Kansas, Dodge City, Center St, 17, 19884",2014-12-04,Click & Collect,Klarna
17,vCrlsPrz33@gmail.com,Aiden Hernandez,"United States, Alabama, Madison, Maple St, 134, 81235",2014-12-29,Air Cargo,Klarna
18,bglGnzlz62@gmail.com,James Clark,"United States, Michigan, Farmington Hills, Jefferson St, 31, 27554",2015-01-03,Regional Carriers,ShopPay
19,DrrLvy20@gmail.com,Sophia Lynn Dahan,"United States, Hawaii, Waipahu, 5th St, 2, 93562",2015-01-08,UPS,Klarna
20,MsnLpz34@gmail.com,Olivia Danilov,"United States, Arizona, Avondale, West St, 23, 31712",2015-02-12,Amtrak Express Shipping,Klarna
21,NKtz44@gmail.com,Ofek Moore,"United States, Connecticut, Milford city, Lakeview Dr, 63, 14034",2015-02-19,Click & Collect,ShopPay
22,rTms59@gmail.com,Ofek Cohen,"United States, Nevada, Paradise, Maple Ave, 117, 24716",2015-02-28,UPS,Klarna
23,dnLvy66@gmail.com,Aiden Lee Friedman,"United States, Arkansas, Russellville, 8th St, 32, 24320",2015-03-15,DHL,Klarna
24,fkMzlBrwn60@gmail.com,Evelyn Rodriguez,"United States, Michigan, Troy, 2nd Ave, 103, 77136",2015-03-17,Amazon Prime Shipping,Klarna
25,CrlttMrSncz90@gmail.com,Charlotte Geva,"United States, New Jersey, Clifton, Adams St, 97, 43471",2015-03-19,FedEx,Klarna
26,lvRdrgz49@gmail.com,Elijah Charles Harris,"United States, Delaware, Glasgow, Willow St, 71, 33484",2015-04-04,Air Cargo,ShopPay
27,JcbMrtn31@gmail.com,Tom Dahan,"United States, Alabama, Hoover, Short St, 102, 49601",2015-04-13,Amtrak Express Shipping,ShopPay
28,SpLGrc12@gmail.com,Sofia Katz,"United States, Arkansas, Benton, Washington Ave, 122, 25609",2015-04-18,Click & Collect,Klarna
29,vJnsn59@gmail.com,Gefen Joseph Hernandez,"United States, Minnesota, Lakeville, Spruce St, 91, 08485",2015-04-25,UPS,ShopPay
30,BnjmnMzr25@gmail.com,Emily Thomas,"United States, Arkansas, Benton, Washington Ave, 122, 25609",2015-05-09,Amtrak Express Shipping,ShopPay
31,sbllndrsn30@gmail.com,Isabella Harris,"United States, Nevada, Sunrise Manor, Maple Ave, 72, 81272",2015-05-15,Click & Collect,ShopPay
32,JcbTmpsn74@gmail.com,Ethan Moore,"United States, Montana, Helena, Jefferson St, 62, 13825",2015-05-25,Freight Shipping,Klarna
33,CrlttMllr37@gmail.com,Aiden Hernandez,"United States, Maryland, Dundalk, Park Ave, 120, 82370",2015-05-31,Freight Shipping,Klarna
34,bglGnzlz62@gmail.com,Emma Hernandez,"United States, Michigan, Flint, Vine St, 122, 87241",2015-06-12,DHL,Klarna
35,DrSmt73@gmail.com,Olivia Danilov,"United States, Georgia, Atlanta, Park St, 40, 25249",2015-06-12,Regional Carriers,Klarna
36,LgnTms03@gmail.com,Madison Weizman,"United States, Arizona, Yuma, Circle Dr, 49, 10507",2015-06-14,Amazon Prime Shipping,ShopPay
37,fkrnndz51@gmail.com,Gefen Davis,"United States, Nevada, Sun Valley, Woodland Dr, 75, 68664",2015-06-18,UPS,Klarna
38,LcsBrwn57@gmail.com,Oren Robinson,"United States, Hawaii, Ewa Gentry, Washington Ave, 122, 42772",2015-06-21,FedEx,ShopPay
39,SpRmrz97@gmail.com,Ofri Geva,"United States, Kansas, Olathe, Jefferson St, 90, 17159",2015-07-01,Regional Carriers,ShopPay
40,dnJnMzr24@gmail.com,Alexander Harris,"United States, California, Sacramento, Park Ave, 74, 39125",2015-07-14,USPS,Klarna
41,bglLvy17@gmail.com,Sophia Lee Garcia,"United States, Hawaii, Ewa Gentry, East St, 11, 80930",2015-07-16,USPS,ShopPay
42,frMrtn34@gmail.com,Harper Davis,"United States, Arizona, Surprise, Short St, 127, 70445",2015-07-18,Amazon Prime Shipping,Klarna
43,SpLGrc12@gmail.com,Logan Moore,"United States, Arkansas, Pine Bluff, Shady Ln, 19, 74543",2015-07-19,Greyhound Package Express,ShopPay
44,DrrLvy20@gmail.com,Lucas Rose Gonzalez,"United States, Delaware, Wilmington, Spring St, 93, 71019",2015-07-19,USPS,ShopPay
45,MdsnGv61@gmail.com,Madison Clark,"United States, Nevada, Sunrise Manor, Central Ave, 92, 19994",2015-07-20,FedEx,ShopPay
46,dnLvy66@gmail.com,Evelyn Lewis,"United States, Louisiana, Central, Franklin St, 63, 15940",2015-07-23,Amazon Prime Shipping,ShopPay
47,GfnJsprnndz85@gmail.com,Benjamin Martin,"United States, Alabama, Madison, Maple St, 134, 81235",2015-07-23,Greyhound Package Express,Klarna
48,DrrLvy20@gmail.com,Oliver Clark,"United States, Nevada, Spring Valley, 4th St, 97, 26337",2015-07-25,Regional Carriers,ShopPay
49,rnSmt44@gmail.com,Ethan Cohen,"United States, Delaware, Claymont, 10th St, 75, 36167",2015-08-02,Click & Collect,ShopPay
50,sbllndrsn30@gmail.com,Logan White,"United States, Montana, Anaconda-Deer Lodge County, Cedar Ln, 85, 13844",2015-08-05,Greyhound Package Express,ShopPay
51,SpMllr01@gmail.com,Ori Thomas,"United States, Kentucky, Frankfort, 3rd Ave, 60, 59391",2015-08-17,Air Cargo,ShopPay
52,rnLynnTms61@gmail.com,Ethan Clark,"United States, New Jersey, Clifton, Adams St, 97, 43471",2015-08-22,Freight Shipping,ShopPay
53,lvMzr07@gmail.com,Mason Lopez,"United States, Illinois, Naperville, Park Ave, 134, 14227",2015-09-08,Greyhound Package Express,Klarna
54,rprVgdrvtc59@gmail.com,Alexander Geva,"United States, Alabama, Madison, 3rd St, 101, 99651",2015-09-20,Click & Collect,ShopPay
55,BnjmnMrtn23@gmail.com,Ori Harris,"United States, Alaska, Steele Creek, Main St, 102, 68337",2015-10-03,USPS,ShopPay
56,JmsSmt59@gmail.com,Ofek Weizman,"United States, Alaska, Steele Creek, High St, 16, 68627",2015-10-04,Freight Shipping,ShopPay
57,LcsGrcDn10@gmail.com,Ofri Geva,"United States, Minnesota, St. Cloud, Jefferson St, 135, 92851",2015-10-06,Click & Collect,ShopPay
58,MJcksn46@gmail.com,Harper White,"United States, Alaska, Gateway, Meadow Ln, 31, 57232",2015-10-08,Amazon Prime Shipping,ShopPay
59,JmsLws47@gmail.com,Evelyn Lewis,"United States, Nevada, Summerlin South, Lakeview Dr, 15, 01904",2015-10-08,Amtrak Express Shipping,Klarna
60,bglLpz47@gmail.com,Benjamin Lee Lee,"United States, New Hampshire, Londonderry, Spruce St, 114, 23993",2015-10-10,USPS,Klarna
61,JlMr12@gmail.com,Gefen Elizabeth Hernandez,"United States, Maine, Auburn, Meadow Ln, 14, 05389",2015-10-22,Amtrak Express Shipping,ShopPay
62,CrlttLMzr65@gmail.com,Jackson Miller,"United States, Alaska, Gateway, Woodland Dr, 123, 50907",2015-10-28,Amtrak Express Shipping,ShopPay
63,SpClrk49@gmail.com,Charlotte Davis,"United States, Alaska, Fairbanks, County Line Rd, 131, 98495",2015-11-10,Greyhound Package Express,ShopPay
64,sbllJns35@gmail.com,Evelyn Hernandez,"United States, Idaho, Lewiston, Cedar St, 105, 02166",2015-11-11,Freight Shipping,ShopPay
65,JlWlsn27@gmail.com,Emma Anderson,"United States, Arkansas, Springdale, Cherry St, 38, 71783",2015-11-13,Amazon Prime Shipping,ShopPay
66,LcsSncz58@gmail.com,Alexander Brown,"United States, Georgia, Atlanta, Park St, 40, 25249",2015-12-02,FedEx,Klarna
67,TmMrtnz56@gmail.com,Ofri Grace Moore,"United States, Arizona, Surprise, Jackson St, 136, 23289",2015-12-08,DHL,ShopPay
68,CrlttMllr37@gmail.com,Oren Katz,"United States, Minnesota, St. Cloud, Jefferson St, 135, 92851",2015-12-09,DHL,ShopPay
69,JmsRdrgz38@gmail.com,Ethan Marie Levy,"United States, Nevada, Enterprise, Water St, 84, 11321",2015-12-09,USPS,ShopPay
70,ljPrz53@gmail.com,Alexander Geva,"United States, Alabama, Hoover, Locust St, 11, 34658",2015-12-11,Click & Collect,ShopPay
71,MdsnFrdmn07@gmail.com,Benjamin Vigdorovitch,"United States, Hawaii, Waipahu, River Rd, 58, 43657",2015-12-12,Click & Collect,ShopPay
72,CrlttPrz29@gmail.com,Emma Sanchez,"United States, Colorado, Centennial, Washington St, 9, 57362",2015-12-13,Greyhound Package Express,ShopPay
73,mlyTms97@gmail.com,Abigail Katz,"United States, Connecticut, Stratford, Railroad St, 60, 69376",2015-12-15,Click & Collect,ShopPay
74,mmrrs64@gmail.com,Harper Miller,"United States, Arkansas, Jonesboro, Railroad St, 48, 21909",2015-12-27,Regional Carriers,ShopPay
75,MsnCrlsKtz16@gmail.com,Evelyn Hernandez,"United States, Hawaii, Ewa Gentry, Washington Ave, 122, 42772",2016-01-08,Amazon Prime Shipping,Klarna
76,JlJnsn85@gmail.com,Emma Thomas,"United States, Alaska, Gateway, Woodland Dr, 123, 50907",2016-01-25,USPS,ShopPay
77,BnjmnJns87@gmail.com,Ava Katz,"United States, Nevada, Spring Valley, 4th St, 97, 26337",2016-01-28,Air Cargo,ShopPay
78,dnJcksn17@gmail.com,Ofri Moore,"United States, Kentucky, Henderson, North St, 115, 90611",2016-01-30,Regional Carriers,ShopPay
79,lvrVgdrvtc05@gmail.com,Charlotte Anderson,"United States, Nevada, Sunrise Manor, Maple Ave, 72, 81272",2016-02-01,Click & Collect,Klarna
80,JcbTmpsn74@gmail.com,Amelia Friedman,"United States, Nevada, North Las Vegas, Spruce St, 125, 35191",2016-02-02,Regional Carriers,Klarna
81,fkrnndz51@gmail.com,Emma Sanchez,"United States, Mississippi, Jackson, S Main St, 82, 68793",2016-02-05,Greyhound Package Express,Klarna
82,rnLynnTms61@gmail.com,Emma Clark,"United States, Alabama, Auburn, 2nd St, 96, 33194",2016-02-10,Freight Shipping,Klarna
83,rnKtz16@gmail.com,Olivia Danilov,"United States, Minnesota, St. Cloud, Jefferson St, 135, 92851",2016-02-15,DHL,Klarna
84,mmrrs64@gmail.com,Sophia Chai Miller,"United States, Kansas, Leawood, 10th St, 20, 36377",2016-02-20,Click & Collect,ShopPay
85,NKtz44@gmail.com,Lucas Taylor,"United States, Hawaii, East Honolulu, Chestnut St, 127, 56437",2016-02-21,Click & Collect,ShopPay
86,rprCrlsFrdmn61@gmail.com,Harper White,"United States, Kansas, Dodge City, Main St, 13, 92010",2016-02-24,Regional Carriers,ShopPay
87,MsnGv31@gmail.com,Gefen Davis,"United States, Georgia, Atlanta, Adams St, 109, 12937",2016-02-25,USPS,ShopPay
88,SfKtz57@gmail.com,Madison Thomas,"United States, Alabama, Hoover, Locust St, 11, 34658",2016-02-25,Regional Carriers,Klarna
89,mmMzr49@gmail.com,Oliver Elizabeth Lee,"United States, Georgia, Marietta, Highland Ave, 99, 87583",2016-02-28,Click & Collect,Klarna
90,rprWt94@gmail.com,Oren Smith,"United States, Georgia, Macon, Railroad Ave, 94, 43005",2016-03-05,Amazon Prime Shipping,Klarna
91,JcksnBrwn20@gmail.com,Oren Jones,"United States, Arkansas, Pine Bluff, Shady Ln, 19, 74543",2016-03-05,FedEx,ShopPay
92,lxndrLpz85@gmail.com,Harper Charles Friedman,"United States, Colorado, Aurora, 5th St, 39, 44413",2016-03-06,Amtrak Express Shipping,ShopPay
93,LcsGrcDn10@gmail.com,Avery Dahan,"United States, Illinois, Springfield, 8th St, 29, 14580",2016-03-09,Click & Collect,ShopPay
94,JcbMrtn31@gmail.com,Oliver Lynn Jones,"United States, New Jersey, Newark, Jackson St, 15, 87548",2016-03-09,FedEx,ShopPay
95,vryBrwn79@gmail.com,Oliver Johnson,"United States, Louisiana, Baton Rouge, Main St, 76, 47834",2016-03-16,FedEx,Klarna
96,SpMr23@gmail.com,Ethan Clark,"United States, Georgia, Marietta, Highland Ave, 99, 87583",2016-03-26,DHL,Klarna
97,GfnGnzlz74@gmail.com,Mason Geva,"United States, Alabama, Vestavia Hills, Maple Ave, 56, 95603",2016-04-10,Air Cargo,Klarna
98,vlynLws72@gmail.com,Aiden Levy,"United States, Kentucky, Covington, Washington Ave, 55, 73710",2016-04-15,UPS,ShopPay
99,rTms59@gmail.com,Mason Charles Katz,"United States, Alabama, Florence, 6th St, 60, 54063",2016-04-17,Click & Collect,ShopPay
100,TmRdrgz53@gmail.com,Charlotte Anderson,"United States, New Jersey, Newark, Jackson St, 15, 87548",2016-04-27,USPS,Klarna
101,TmMrtnz56@gmail.com,Aiden Miller,"United States, Georgia, Macon, Railroad Ave, 94, 43005",2016-05-06,DHL,ShopPay
102,JcksnMllr62@gmail.com,Sophia Ramirez,"United States, Georgia, Marietta, West St, 49, 48384",2016-05-06,Amazon Prime Shipping,ShopPay
103,mlJns10@gmail.com,Emma Anderson,"United States, Michigan, Lansing, Adams St, 74, 36494",2016-05-14,DHL,ShopPay
104,lvrVgdrvtc05@gmail.com,Olivia Danilov,"United States, Michigan, Ann Arbor, Maple Ave, 86, 07302",2016-05-18,USPS,Klarna
105,lvrJnsn24@gmail.com,Madison Charles Clark,"United States, Iowa, Dubuque, 6th St, 6, 55502",2016-05-18,Freight Shipping,Klarna
106,vJnsn59@gmail.com,Madison Ann Wilson,"United States, Maine, Brewer, 8th St, 104, 83764",2016-05-30,Greyhound Package Express,Klarna
107,JmsFrdmn45@gmail.com,Amelia Friedman,"United States, Nebraska, Papillion, Washington St, 105, 17703",2016-05-31,Freight Shipping,Klarna
108,vLvy99@gmail.com,Ofri Moore,"United States, Hawaii, Ewa Gentry, Washington Ave, 122, 42772",2016-05-31,USPS,ShopPay
109,CrlttJns43@gmail.com,Oliver Harris,"United States, Idaho, Ammon, Cedar St, 97, 90717",2016-06-03,UPS,ShopPay
110,JmsLws47@gmail.com,Charlotte Perez,"United States, Delaware, Brookside, Park St, 15, 47961",2016-06-03,Click & Collect,ShopPay
111,LcsGv65@gmail.com,Elijah Lee,"United States, Kentucky, Henderson, North St, 115, 90611",2016-06-04,USPS,ShopPay
112,mmMzr49@gmail.com,Evelyn Ann Robinson,"United States, Kentucky, Frankfort, 3rd Ave, 60, 59391",2016-06-07,Freight Shipping,ShopPay
113,JmsFrdmn45@gmail.com,James Friedman,"United States, Maryland, Bethesda, Front St, 76, 02063",2016-06-24,Greyhound Package Express,ShopPay
114,sbllSmt06@gmail.com,Emma Clark,"United States, Nevada, Enterprise, Highland Ave, 118, 16264",2016-06-24,UPS,ShopPay
115,fkMzlBrwn60@gmail.com,Benjamin Mizrahi,"United States, Hawaii, Ewa Gentry, East St, 11, 80930",2016-07-03,Amtrak Express Shipping,Klarna
116,SpRmrz97@gmail.com,Gefen Gonzalez,"United States, Alaska, Fairbanks, County Line Rd, 131, 98495",2016-07-08,FedEx,ShopPay
117,dnrnndz45@gmail.com,Emma Garcia,"United States, Massachusetts, Newton, 5th St, 45, 41475",2016-07-10,Regional Carriers,Klarna
118,dnKtz83@gmail.com,Michael Anderson,"United States, Kentucky, Owensboro, N Main St, 106, 31000",2016-07-20,Amazon Prime Shipping,ShopPay
119,mlyTms97@gmail.com,Evelyn Levy,"United States, Maine, Brewer, 8th St, 104, 83764",2016-07-20,Click & Collect,Klarna
120,rnLynnTms61@gmail.com,Madison Cohen,"United States, Maryland, Columbia, Central Ave, 128, 57961",2016-07-30,Greyhound Package Express,ShopPay
121,mmTms86@gmail.com,Jackson Mazal Moore,"United States, Arkansas, North Little Rock, Jefferson St, 99, 84014",2016-08-09,UPS,Klarna
122,LcsGv65@gmail.com,Mason Levy,"United States, Idaho, Rexburg, Water St, 129, 01685",2016-08-15,Air Cargo,ShopPay
123,JcksnWllms77@gmail.com,Gefen Chai Gonzalez,"United States, Alaska, Palmer, Short St, 63, 58244",2016-08-15,Air Cargo,ShopPay
124,Drrrs43@gmail.com,Ofri Geva,"United States, Kansas, Leawood, W Main St, 124, 38625",2016-08-18,FedEx,Klarna
125,mmSncz74@gmail.com,Olivia Sanchez,"United States, Kentucky, Bowling Green, Hillcrest Dr, 9, 26097",2016-08-25,Greyhound Package Express,ShopPay
126,vlynDnlv10@gmail.com,Madison Gonzalez,"United States, Massachusetts, Newton, 5th St, 45, 41475",2016-08-31,Amazon Prime Shipping,ShopPay
127,lvrrnndz06@gmail.com,Jackson Jackson,"United States, Indiana, Noblesville, County Line Rd, 93, 74145",2016-09-01,Amazon Prime Shipping,ShopPay
128,JcbMrtn35@gmail.com,Tom Miller,"United States, Kentucky, Independence, Franklin St, 99, 18417",2016-09-05,Amazon Prime Shipping,ShopPay
129,sbllJns35@gmail.com,Oliver Lynn Jones,"United States, Arizona, Goodyear, Maple Ave, 16, 31454",2016-09-05,Air Cargo,ShopPay
130,MdsnGv61@gmail.com,Benjamin Mizrahi,"United States, Missouri, Independence, Mill St, 121, 64760",2016-09-12,USPS,ShopPay
131,MdsnTylr13@gmail.com,Madison Thomas,"United States, Michigan, Grand Rapids, High St, 76, 09538",2016-09-12,Amazon Prime Shipping,ShopPay
132,JcbLpz44@gmail.com,Dror Dahan,"United States, Nevada, Sunrise Manor, Maple Ave, 72, 81272",2016-09-22,Air Cargo,ShopPay
133,mmrrs64@gmail.com,Avery Rodriguez,"United States, Colorado, Aurora, Washington Ave, 57, 44719",2016-09-23,UPS,Klarna
134,MsnLpz34@gmail.com,Aiden Mizrahi,"United States, Florida, Jacksonville, Meadow Ln, 122, 60562",2016-09-24,Click & Collect,ShopPay
135,bglTmpsn26@gmail.com,Emily Geva,"United States, Kansas, Wichita, West St, 122, 94358",2016-10-07,Freight Shipping,ShopPay
136,lvrClrk63@gmail.com,Dor Friedman,"United States, Kansas, Dodge City, Main St, 13, 92010",2016-10-13,Air Cargo,ShopPay
137,JmsSmt59@gmail.com,Ava Miller,"United States, New Jersey, Lakewood, 5th St, 91, 41263",2016-10-19,FedEx,Klarna
138,sbllSmt06@gmail.com,Benjamin John Smith,"United States, Maine, Brewer, Adams St, 35, 02566",2016-10-24,Greyhound Package Express,Klarna
139,mmMzr49@gmail.com,Madison Danilov,"United States, New Jersey, Elizabeth, Ridge Rd, 106, 72886",2016-10-30,FedEx,ShopPay
140,SpJns96@gmail.com,Ava Levy,"United States, Alabama, Florence, Woodland Dr, 17, 81776",2016-11-01,UPS,ShopPay
141,tnClrk45@gmail.com,Ori Thomas,"United States, Arkansas, North Little Rock, Jefferson St, 99, 84014",2016-11-14,Amtrak Express Shipping,Klarna
142,JcksnBrwn20@gmail.com,Madison Weizman,"United States, Colorado, Castle Rock, Highland Ave, 14, 63557",2016-11-21,Amtrak Express Shipping,ShopPay
143,mlFrdmn59@gmail.com,Jacob Thompson,"United States, Kentucky, Henderson, Meadow Ln, 40, 83432",2016-11-26,Click & Collect,ShopPay
144,fkrnndz51@gmail.com,Madison Danilov,"United States, Nevada, Paradise, Meadow Ln, 59, 14929",2016-11-29,USPS,ShopPay
145,mlyMrMrtn48@gmail.com,Harper Johnson,"United States, Alabama, Birmingham, Water St, 3, 56499",2016-12-07,Amazon Prime Shipping,ShopPay
146,bglGnzlz62@gmail.com,Elijah Mizrahi,"United States, Minnesota, St. Cloud, Jefferson St, 135, 92851",2016-12-12,Click & Collect,ShopPay
147,Drrrs43@gmail.com,Avery Elizabeth Cohen,"United States, Nevada, Sun Valley, Park Ave, 133, 43016",2016-12-13,Amazon Prime Shipping,ShopPay
148,MsnLws31@gmail.com,Madison Charles Clark,"United States, Delaware, Claymont, 10th St, 75, 36167",2016-12-24,Freight Shipping,Klarna
149,LgnGrc54@gmail.com,James Rodriguez,"United States, Nevada, Spring Valley, Shady Ln, 65, 15455",2016-12-25,UPS,ShopPay
150,Crlttndrsn38@gmail.com,Lucas Mazal Smith,"United States, Maine, Presque Isle, Washington St, 56, 19175",2017-01-11,Air Cargo,ShopPay
151,Crlttndrsn38@gmail.com,Abigail Vigdorovitch,"United States, Delaware, Smyrna, 3rd St, 96, 20608",2017-01-18,USPS,Klarna
152,LcsGrcDn10@gmail.com,Oliver Clark,"United States, Maryland, Glen Burnie, East St, 126, 33300",2017-01-28,Amtrak Express Shipping,ShopPay
153,JmsLws47@gmail.com,Ethan Hernandez,"United States, Massachusetts, Newton, 5th St, 45, 41475",2017-01-31,Amazon Prime Shipping,Klarna
154,Gfnlzbtrnndz91@gmail.com,Emma Clark,"United States, Massachusetts, Newton, 5th St, 45, 41475",2017-01-31,Click & Collect,ShopPay
155,BnjmnJns87@gmail.com,Ori Harris,"United States, Nebraska, Grand Island, Church St, 41, 65687",2017-02-01,Freight Shipping,ShopPay
156,fkrnndz51@gmail.com,Avery Dahan,"United States, Louisiana, Shreveport, School St, 59, 53930",2017-02-03,USPS,ShopPay
157,JmsSmt59@gmail.com,James Clark,"United States, Florida, Daytona Beach, Ash St, 72, 36984",2017-02-08,Regional Carriers,ShopPay
158,LcsTylr82@gmail.com,Gefen Gonzalez,"United States, Maryland, Germantown, Jefferson St, 65, 59678",2017-02-10,Regional Carriers,Klarna
159,fkMzlBrwn60@gmail.com,Madison Taylor,"United States, New Hampshire, Portsmouth, E Main St, 89, 48856",2017-02-11,USPS,ShopPay
160,LcsRmrz24@gmail.com,Ofek Martinez,"United States, Missouri, Columbia, Poplar St, 94, 79085",2017-02-21,DHL,ShopPay
161,MclLTms99@gmail.com,Jacob Johnson,"United States, New Jersey, Vineland, Jackson St, 54, 91463",2017-02-23,Freight Shipping,ShopPay
162,mlyTms97@gmail.com,Jackson Lewis,"United States, Kansas, Olathe, Hillcrest Dr, 46, 65101",2017-02-26,Greyhound Package Express,ShopPay
163,JcksnJcksn80@gmail.com,Dor Smith,"United States, Hawaii, Ewa Gentry, Washington Ave, 122, 42772",2017-03-04,Click & Collect,ShopPay
164,sbllJns35@gmail.com,Elijah Mizrahi,"United States, Arizona, Surprise, Short St, 127, 70445",2017-03-12,UPS,ShopPay
165,LgnTms03@gmail.com,Emily Geva,"United States, Arkansas, Springdale, Cherry St, 38, 71783",2017-03-12,Regional Carriers,ShopPay
166,LcsMllr69@gmail.com,Oliver Clark,"United States, Montana, Anaconda-Deer Lodge County, Cedar Ln, 85, 13844",2017-03-16,Greyhound Package Express,Klarna
167,MdsnTms95@gmail.com,Logan Johnson,"United States, Massachusetts, Cambridge, 2nd Ave, 107, 40299",2017-03-17,Greyhound Package Express,Klarna
168,bglLpz47@gmail.com,James White,"United States, Colorado, Highlands Ranch, 2nd St, 50, 92779",2017-03-18,DHL,ShopPay
169,GfnRbnsn30@gmail.com,Jackson Lewis,"United States, Georgia, Augusta, Park Ave, 133, 94302",2017-03-26,Greyhound Package Express,Klarna
170,JmsRdrgz38@gmail.com,Dor Robinson,"United States, Delaware, Smyrna, North St, 63, 30044",2017-04-01,Regional Carriers,ShopPay
171,TmRdrgz53@gmail.com,Ethan Clark,"United States, Nevada, Pahrump, S Main St, 110, 64040",2017-04-02,UPS,ShopPay
172,vlynDnlv10@gmail.com,Jackson Davis,"United States, Florida, North Port, Spring St, 65, 70037",2017-04-04,Air Cargo,Klarna
173,MclGnzlz35@gmail.com,James Smith,"United States, New Jersey, Jersey City, County Line Rd, 17, 46351",2017-04-08,FedEx,Klarna
174,MJcksn46@gmail.com,Gefen Robinson,"United States, Louisiana, Marrero, Main St, 13, 73369",2017-04-10,UPS,ShopPay
175,DrPrz74@gmail.com,Isabella Mizrahi,"United States, California, Anaheim, Woodland Dr, 94, 24110",2017-04-16,Amazon Prime Shipping,ShopPay
176,LgnLvy42@gmail.com,Ofek Weizman,"United States, Nevada, Enterprise, Water St, 84, 11321",2017-04-18,DHL,ShopPay
177,MJcksn46@gmail.com,Logan Wilson,"United States, Florida, Jacksonville, Meadow Ln, 122, 60562",2017-04-22,FedEx,Klarna
178,frrnndz34@gmail.com,Evelyn Moore,"United States, Illinois, Elgin, Walnut St, 111, 13209",2017-04-23,Click & Collect,ShopPay
179,LmFrdmn42@gmail.com,Ofek Mazal Brown,"United States, Kentucky, Owensboro, N Main St, 106, 31000",2017-04-23,Amtrak Express Shipping,Klarna
180,CrlttMllr37@gmail.com,Jackson Williams,"United States, Georgia, Sandy Springs, Maple St, 54, 00121",2017-05-18,USPS,Klarna
181,MsnLpz34@gmail.com,Gefen Joseph Hernandez,"United States, Louisiana, Shreveport, School St, 59, 53930",2017-05-22,Amazon Prime Shipping,Klarna
182,MsnLws31@gmail.com,Aiden Harris,"United States, Missouri, Florissant, Shady Ln, 73, 83983",2017-06-03,USPS,Klarna
183,mmrrs64@gmail.com,Julie Lee,"United States, Nebraska, Lincoln, Circle Dr, 18, 63564",2017-06-03,Regional Carriers,ShopPay
184,JcbFrdmn60@gmail.com,Avery Elizabeth Cohen,"United States, New Jersey, Elizabeth, Ridge Rd, 106, 72886",2017-06-08,Click & Collect,ShopPay
185,DrPrz74@gmail.com,Ava Levy,"United States, Arizona, Gilbert, County Line Rd, 19, 89971",2017-06-08,Regional Carriers,ShopPay
186,SpWlsn43@gmail.com,Logan Lee,"United States, Florida, North Port, Spring St, 65, 70037",2017-06-12,USPS,Klarna
187,bglTmpsn26@gmail.com,Emma Garcia,"United States, Minnesota, Lakeville, Spruce St, 91, 08485",2017-06-17,Regional Carriers,ShopPay
188,dnJnMzr24@gmail.com,Elijah Perez,"United States, Alabama, Birmingham, Water St, 3, 56499",2017-06-22,Air Cargo,Klarna
189,bglKtz55@gmail.com,Ava Charles Perez,"United States, Alabama, Phenix City, Pine St, 114, 74530",2017-06-27,Air Cargo,ShopPay
190,SpJns96@gmail.com,Abigail Katz,"United States, Indiana, Gary, Airport Rd, 77, 36661",2017-06-28,UPS,ShopPay
191,TmMrtnz56@gmail.com,Jacob Lee Jackson,"United States, Massachusetts, Lynn, 4th Ave, 99, 48886",2017-07-08,Amazon Prime Shipping,ShopPay
192,MSrWt61@gmail.com,James Geva,"United States, Arizona, Scottsdale, Hillcrest Dr, 73, 30650",2017-07-10,Amazon Prime Shipping,Klarna
193,TmMllr28@gmail.com,Madison Taylor,"United States, Michigan, Grand Rapids, Park Ave, 10, 14922",2017-07-12,FedEx,ShopPay
194,LcsMllr69@gmail.com,Logan Thomas,"United States, Alabama, Birmingham, Water St, 3, 56499",2017-07-15,Air Cargo,ShopPay
195,Drrrs43@gmail.com,Oren Robinson,"United States, Connecticut, West Hartford, Washington Ave, 136, 00292",2017-07-18,Air Cargo,ShopPay
196,JlMr12@gmail.com,Logan Thomas,"United States, Delaware, Smyrna, 3rd St, 96, 20608",2017-07-23,Amtrak Express Shipping,ShopPay
197,LgnGrc54@gmail.com,Liam Friedman,"United States, New Jersey, Union City, Washington Ave, 95, 05323",2017-07-24,Regional Carriers,ShopPay
198,MdsnFrdmn07@gmail.com,Jacob Lopez,"United States, Missouri, Columbia, Poplar St, 94, 79085",2017-07-24,FedEx,ShopPay
199,mmClrk97@gmail.com,Mia Ann Gonzalez,"United States, Nevada, Paradise, Meadow Ln, 59, 14929",2017-08-08,Amazon Prime Shipping,Klarna
200,JcbMrtn31@gmail.com,Evelyn Danilov,"United States, Minnesota, Lakeville, Spruce St, 91, 08485",2017-08-09,UPS,Klarna
201,MsnCrlsKtz16@gmail.com,Madison Weizman,"United States, Florida, Hialeah, West St, 109, 36590",2017-08-14,USPS,ShopPay
202,bglTmpsn26@gmail.com,Evelyn Rodriguez,"United States, Nevada, Sunrise Manor, Central Ave, 92, 19994",2017-08-14,UPS,Klarna
203,MdsnGnzlz86@gmail.com,Madison Danilov,"United States, Idaho, Eagle, River Rd, 2, 20778",2017-08-14,UPS,Klarna
204,sbllndrsn30@gmail.com,Lucas Grace Dahan,"United States, Kentucky, Covington, Washington Ave, 55, 73710",2017-08-21,Freight Shipping,ShopPay
205,JlMr12@gmail.com,Dor Ann Gonzalez,"United States, Delaware, Glasgow, Willow St, 71, 33484",2017-08-24,UPS,Klarna
206,dnLvy66@gmail.com,Amelia Rodriguez,"United States, Kentucky, Bowling Green, Hillcrest Dr, 9, 26097",2017-09-02,UPS,ShopPay
207,mlJns10@gmail.com,Ori Harris,"United States, Alabama, Huntsville, County Line Rd, 43, 33465",2017-09-08,DHL,ShopPay
208,bglVgdrvtc37@gmail.com,Madison Geva,"United States, Iowa, Dubuque, 7th St, 19, 13605",2017-09-10,FedEx,ShopPay
209,LgnWlsn64@gmail.com,Alexander Geva,"United States, Michigan, Kalamazoo, N Main St, 41, 75897",2017-09-15,Amazon Prime Shipping,ShopPay
210,JlJnsn95@gmail.com,Aiden Weizman,"United States, New Hampshire, Claremont, Highland Ave, 7, 30083",2017-09-23,Air Cargo,Klarna
211,MdsnTms95@gmail.com,Mia Ann Gonzalez,"United States, Delaware, Smyrna, 3rd St, 96, 20608",2017-09-29,Amazon Prime Shipping,ShopPay
212,vlynDnlv10@gmail.com,Madison Friedman,"United States, Michigan, Lansing, Adams St, 74, 36494",2017-09-30,Click & Collect,ShopPay
213,dnrnndz63@gmail.com,Gefen Gonzalez,"United States, Kansas, Shawnee, 4th St, 54, 54200",2017-09-30,Air Cargo,ShopPay
214,MsnTms15@gmail.com,Logan Clark,"United States, New Jersey, Passaic, Main St, 112, 25393",2017-10-03,UPS,ShopPay
215,LgnWt76@gmail.com,Emily Gonzalez,"United States, Mississippi, Jackson, S Main St, 82, 68793",2017-10-19,Regional Carriers,ShopPay
216,BnjmnJnSmt46@gmail.com,Isabella Cohen,"United States, Nevada, Sun Valley, North St, 65, 48818",2017-10-23,USPS,Klarna
217,vRdrgz19@gmail.com,Oliver Clark,"United States, Alaska, Palmer, Short St, 63, 58244",2017-11-01,Regional Carriers,ShopPay
218,vryBrwn79@gmail.com,Avery Danilov,"United States, Delaware, Smyrna, North St, 63, 30044",2017-11-01,FedEx,ShopPay
219,rTms59@gmail.com,Dor Brown,"United States, Michigan, Kalamazoo, N Main St, 41, 75897",2017-11-02,Click & Collect,ShopPay
220,LgnTms03@gmail.com,Ori Friedman,"United States, Colorado, Aurora, 5th St, 39, 44413",2017-11-04,UPS,ShopPay
221,dnJcksn17@gmail.com,Ori Friedman,"United States, Minnesota, Lakeville, Spruce St, 91, 08485",2017-11-05,Amtrak Express Shipping,ShopPay
222,mmSncz74@gmail.com,Oliver Lynn Jones,"United States, New Hampshire, Londonderry, Spruce St, 114, 23993",2017-11-06,Regional Carriers,Klarna
223,JcbLpz44@gmail.com,Ori Miller,"United States, Nevada, Enterprise, Highland Ave, 118, 16264",2017-11-10,Amtrak Express Shipping,ShopPay
224,LgnLvy42@gmail.com,Olivia Danilov,"United States, New Jersey, Clifton, Adams St, 97, 43471",2017-11-15,DHL,ShopPay
225,CrlttMrSncz90@gmail.com,Ori Friedman,"United States, California, Long Beach, Cedar Ln, 63, 41157",2017-11-16,Amtrak Express Shipping,ShopPay
226,mlyGv17@gmail.com,Evelyn Rodriguez,"United States, Delaware, Smyrna, North St, 63, 30044",2017-11-27,Amazon Prime Shipping,ShopPay
227,NDvs84@gmail.com,Aiden Anderson,"United States, Maryland, Annapolis, 1st Ave, 55, 07623",2017-12-03,Amazon Prime Shipping,ShopPay
228,CrlttMrSncz90@gmail.com,Lucas Ramirez,"United States, Nevada, Pahrump, S Main St, 110, 64040",2017-12-03,Click & Collect,ShopPay
229,vryDnlv64@gmail.com,Isabella Smith,"United States, Delaware, Brookside, Park St, 15, 47961",2017-12-03,UPS,ShopPay
230,SfClrk97@gmail.com,Evelyn Danilov,"United States, Louisiana, Houma, Short St, 72, 26159",2017-12-11,USPS,ShopPay
231,BnjmnLL86@gmail.com,Madison Gonzalez,"United States, Indiana, Fishers, 5th St, 24, 53605",2017-12-11,UPS,Klarna
232,vlynDnlv10@gmail.com,Oren Jones,"United States, Louisiana, Lafayette, E Main St, 7, 36193",2017-12-13,Amtrak Express Shipping,ShopPay
233,dnrnndz45@gmail.com,Avery Garcia,"United States, Florida, Jacksonville, Meadow Ln, 122, 60562",2017-12-25,Amtrak Express Shipping,Klarna
234,rnJcksn25@gmail.com,Elijah Brown,"United States, Alaska, College, 3rd Ave, 90, 88553",2017-12-30,Greyhound Package Express,ShopPay
235,rTms59@gmail.com,Charlotte Marie Sanchez,"United States, New Jersey, East Orange, 2nd St, 86, 45642",2018-01-09,FedEx,ShopPay
236,lxndrLpz85@gmail.com,Ava Katz,"United States, New Jersey, Lakewood, 5th St, 91, 41263",2018-01-12,UPS,Klarna
237,vJnsn59@gmail.com,Sophia Lee Garcia,"United States, Maryland, Frederick, 7th St, 66, 22009",2018-01-12,Regional Carriers,Klarna
238,LgnDnlv46@gmail.com,Ava Charles Perez,"United States, Georgia, Johns Creek, Cedar St, 131, 34467",2018-01-13,Amazon Prime Shipping,ShopPay
239,dnJnMzr24@gmail.com,Gefen Davis,"United States, Alabama, Madison, Maple St, 134, 81235",2018-01-14,Amtrak Express Shipping,Klarna
240,mlyGv17@gmail.com,Sofia Anderson,"United States, Indiana, Fishers, 5th St, 24, 53605",2018-01-17,Amazon Prime Shipping,ShopPay
241,fkrnndz51@gmail.com,Lucas Ramirez,"United States, Kansas, Dodge City, Center St, 17, 19884",2018-01-17,DHL,ShopPay
242,DrPrz74@gmail.com,Aiden Levy,"United States, Iowa, Cedar Rapids, Chestnut St, 81, 53297",2018-01-21,USPS,ShopPay
243,vCrlsPrz33@gmail.com,Julie Elizabeth Levy,"United States, New Jersey, Elizabeth, Ridge Rd, 106, 72886",2018-01-22,Regional Carriers,ShopPay
244,CrlttMllr37@gmail.com,Dor Perez,"United States, Iowa, Dubuque, 7th St, 19, 13605",2018-02-15,Amtrak Express Shipping,ShopPay
245,LcsGv65@gmail.com,James Weizman,"United States, Michigan, Troy, 2nd Ave, 103, 77136",2018-02-24,Regional Carriers,ShopPay
246,lvrSncz91@gmail.com,Charlotte Davis,"United States, Georgia, Alpharetta, Cedar Ln, 108, 56658",2018-03-02,UPS,ShopPay
247,tnClrk45@gmail.com,Abigail Katz,"United States, Massachusetts, Somerville, High St, 78, 65778",2018-03-05,USPS,Klarna
248,JcksnLws94@gmail.com,Elijah Mizrahi,"United States, Idaho, Caldwell, River Rd, 97, 79379",2018-03-06,FedEx,Klarna
249,vlynLws72@gmail.com,Alexander Geva,"United States, California, Long Beach, Cedar Ln, 63, 41157",2018-03-09,Air Cargo,ShopPay
250,lvrVgdrvtc05@gmail.com,Aiden Levy,"United States, Maine, Sanford, Center St, 112, 25078",2018-03-14,Air Cargo,ShopPay
251,CrlttGv73@gmail.com,Ori Friedman,"United States, Missouri, St. Peters, Jackson St, 25, 78529",2018-03-16,USPS,ShopPay
252,JmsSmt59@gmail.com,Ava Katz,"United States, Georgia, Augusta, Water St, 118, 09548",2018-03-19,Freight Shipping,Klarna
253,rnRsClrk15@gmail.com,Avery Elizabeth Cohen,"United States, Massachusetts, Worcester, Church St, 10, 83716",2018-03-24,Regional Carriers,ShopPay
254,rnKtz16@gmail.com,Ori Katz,"United States, Connecticut, Milford city, Lakeview Dr, 63, 14034",2018-03-24,UPS,ShopPay
255,rnLynnTms61@gmail.com,Oren Smith,"United States, Nebraska, Papillion, Washington St, 105, 17703",2018-03-28,Freight Shipping,Klarna
256,vLvy99@gmail.com,Oliver Moore,"United States, Maine, Portland, Water St, 79, 40295",2018-04-08,FedEx,ShopPay
257,ljL14@gmail.com,Ofri Geva,"United States, Nevada, Sun Valley, Park Ave, 133, 43016",2018-04-12,UPS,ShopPay
258,rnRbnsn58@gmail.com,Abigail Brown,"United States, Alaska, Anchorage, 1st St, 67, 99124",2018-04-12,Freight Shipping,Klarna
259,tnCn30@gmail.com,Julie Elizabeth Levy,"United States, Maryland, Gaithersburg, Maple St, 75, 27513",2018-04-19,Click & Collect,ShopPay
260,JmsRdrgz38@gmail.com,Noah Davis,"United States, Minnesota, Plymouth, Willow St, 55, 08504",2018-04-20,Amtrak Express Shipping,Klarna
261,mmClrk97@gmail.com,Lucas Ramirez,"United States, Idaho, Idaho Falls, Locust St, 41, 87169",2018-04-21,FedEx,ShopPay
262,SfRdrgz27@gmail.com,Emma Garcia,"United States, Nevada, Enterprise, Main St, 65, 24075",2018-04-22,Amazon Prime Shipping,ShopPay
263,sbllndrsn30@gmail.com,Ava Levy,"United States, Georgia, Marietta, Highland Ave, 99, 87583",2018-04-22,USPS,Klarna
264,vryDnlv64@gmail.com,Benjamin John Smith,"United States, Arkansas, Jonesboro, Railroad St, 48, 21909",2018-04-23,DHL,ShopPay
265,JcbRbnsn08@gmail.com,Ava James Johnson,"United States, Illinois, Elgin, Hill St, 38, 42527",2018-04-23,FedEx,Klarna
266,JcksnMllr62@gmail.com,Logan Johnson,"United States, Maine, Sanford, Willow St, 62, 08416",2018-05-16,USPS,ShopPay
267,SpWlsn43@gmail.com,Alexander Lopez,"United States, Alaska, College, 3rd Ave, 90, 88553",2018-05-19,UPS,ShopPay
268,JllzbtWzmn16@gmail.com,Sophia Chai Miller,"United States, Nebraska, Columbus, Cedar Ln, 62, 83390",2018-05-27,Air Cargo,ShopPay
269,JlJnsn95@gmail.com,Avery Dahan,"United States, Nevada, Sun Valley, Park Ave, 133, 43016",2018-06-10,Amazon Prime Shipping,Klarna
270,lvRdrgz49@gmail.com,Evelyn Danilov,"United States, Maine, Biddeford, Sunset Dr, 22, 17936",2018-06-11,Click & Collect,ShopPay
271,CrlttJns43@gmail.com,Emily Geva,"United States, Georgia, Albany, North St, 109, 67308",2018-06-18,Amazon Prime Shipping,ShopPay
272,MdsnFrdmn07@gmail.com,Aiden Mizrahi,"United States, Alaska, Gateway, Meadow Ln, 31, 57232",2018-06-26,Greyhound Package Express,ShopPay
273,vryDnlv64@gmail.com,Madison Cohen,"United States, Nebraska, Norfolk, Oak St, 46, 58728",2018-07-06,USPS,ShopPay
274,CrlttGv48@gmail.com,Oliver Johnson,"United States, Colorado, Centennial, Washington St, 9, 57362",2018-07-07,Freight Shipping,ShopPay
275,vJmsJnsn97@gmail.com,Dor Brown,"United States, New Jersey, Vineland, Jackson St, 54, 91463",2018-07-07,DHL,ShopPay
276,JmsRdrgz38@gmail.com,Logan Garcia,"United States, Arizona, Yuma, Railroad St, 52, 49595",2018-07-12,Amazon Prime Shipping,ShopPay
277,vryBrwn79@gmail.com,Ethan Marie Levy,"United States, New Jersey, Union City, Washington Ave, 95, 05323",2018-07-16,DHL,ShopPay
278,CrlttMrSncz90@gmail.com,Abigail Levy,"United States, Alabama, Florence, Woodland Dr, 17, 81776",2018-07-25,DHL,Klarna
279,MdsnTms95@gmail.com,Evelyn Rodriguez,"United States, Massachusetts, Worcester, Church St, 10, 83716",2018-07-26,Freight Shipping,Klarna
280,rprVgdrvtc59@gmail.com,Aiden Mizrahi,"United States, Nevada, North Las Vegas, Spruce St, 125, 35191",2018-07-27,Regional Carriers,ShopPay
281,JcbRbnsn08@gmail.com,Logan Garcia,"United States, Nebraska, Grand Island, Church St, 41, 65687",2018-07-31,Greyhound Package Express,ShopPay
282,MclJns87@gmail.com,Elijah Brown,"United States, Missouri, St. Charles, Circle Dr, 41, 00879",2018-08-03,Greyhound Package Express,ShopPay
283,MdsnGv61@gmail.com,Ofek Moore,"United States, Alabama, Madison, Maple St, 134, 81235",2018-08-08,UPS,ShopPay
284,LgnWt76@gmail.com,Logan Lee,"United States, Missouri, St. Joseph, Center St, 42, 20612",2018-08-12,UPS,ShopPay
285,rnKtz16@gmail.com,Sofia Sanchez,"United States, Georgia, Atlanta, Cedar St, 113, 62903",2018-08-13,USPS,Klarna
286,dnJnMzr24@gmail.com,Abigail Gonzalez,"United States, Alaska, Steele Creek, Main St, 102, 68337",2018-08-16,Air Cargo,ShopPay
287,tnCn30@gmail.com,Madison Cohen,"United States, Colorado, Aurora, 5th St, 39, 44413",2018-08-18,USPS,ShopPay
288,LgnWt76@gmail.com,Abigail Friedman,"United States, Delaware, Wilmington, Spring St, 93, 71019",2018-08-21,Regional Carriers,ShopPay
289,SpJns96@gmail.com,Elijah Hernandez,"United States, New Hampshire, Somersworth, Washington St, 62, 40644",2018-08-26,Click & Collect,ShopPay
290,SpJns96@gmail.com,Mia Taylor,"United States, Nebraska, Norfolk, Oak St, 46, 58728",2018-08-28,Amtrak Express Shipping,ShopPay
291,MclGnzlz35@gmail.com,Noah Davis,"United States, Georgia, Augusta, Water St, 118, 09548",2018-08-28,Amtrak Express Shipping,Klarna
292,MdsnGv61@gmail.com,Alexander Brown,"United States, Delaware, Middletown, Short St, 34, 01613",2018-08-29,Click & Collect,ShopPay
293,GfnGrc95@gmail.com,Sofia Katz,"United States, Iowa, Dubuque, 7th St, 19, 13605",2018-09-04,FedEx,Klarna
294,TmDn06@gmail.com,Evelyn Rodriguez,"United States, Alabama, Madison, Maple St, 134, 81235",2018-09-19,FedEx,ShopPay
295,SpLGrc12@gmail.com,Jacob Friedman,"United States, Idaho, Eagle, River Rd, 2, 20778",2018-09-20,Click & Collect,Klarna
296,lvrLynnJns92@gmail.com,Julie Elizabeth Weizman,"United States, Michigan, Grand Rapids, High St, 76, 09538",2018-09-20,USPS,Klarna
297,MdsnTylr13@gmail.com,Sofia Rodriguez,"United States, Kansas, Dodge City, Franklin St, 17, 57185",2018-09-22,Amazon Prime Shipping,Klarna
298,vryDnlv64@gmail.com,James Lewis,"United States, Connecticut, Stamford, River Rd, 28, 76613",2018-09-23,FedEx,ShopPay
299,JcksnMzlMr37@gmail.com,Logan Gonzalez,"United States, Kansas, Dodge City, Main St, 13, 92010",2018-09-26,FedEx,ShopPay
300,sbllDnlv68@gmail.com,Isabella Danilov,"United States, California, Anaheim, Railroad St, 122, 83517",2018-09-26,USPS,ShopPay
301,MdsnFrdmn07@gmail.com,James White,"United States, Colorado, Lakewood, Church St, 46, 50455",2018-09-28,UPS,Klarna
302,BnjmnJns87@gmail.com,Abigail Moore,"United States, Alabama, Huntsville, Short St, 43, 36933",2018-10-01,Freight Shipping,ShopPay
303,rnSmt44@gmail.com,Gefen Elizabeth Hernandez,"United States, New Hampshire, Portsmouth, Highland Ave, 132, 20694",2018-10-01,Air Cargo,ShopPay
304,LgnDnlv46@gmail.com,Emily Gonzalez,"United States, New Hampshire, Claremont, Highland Ave, 7, 30083",2018-10-17,FedEx,ShopPay
305,MclGnzlz35@gmail.com,Evelyn John Clark,"United States, Hawaii, Waipahu, River Rd, 58, 43657",2018-10-26,UPS,Klarna
306,bglLpz47@gmail.com,Ofek Levy,"United States, Nebraska, Papillion, Washington St, 105, 17703",2018-10-30,Air Cargo,ShopPay
307,bglGnzlz62@gmail.com,Michael Gonzalez,"United States, Kentucky, Owensboro, N Main St, 106, 31000",2018-11-02,DHL,ShopPay
308,LcsTylr82@gmail.com,Emily Danilov,"United States, Alabama, Hoover, Short St, 102, 49601",2018-11-03,DHL,ShopPay
309,mmClrk97@gmail.com,Benjamin Mizrahi,"United States, Connecticut, East Hartford, Hill St, 9, 23802",2018-11-05,Regional Carriers,Klarna
310,JmsSmt59@gmail.com,Oliver Vigdorovitch,"United States, Arkansas, Hot Springs, Water St, 32, 54789",2018-11-06,Click & Collect,ShopPay
311,MclJns87@gmail.com,Ethan Marie Levy,"United States, Louisiana, Laplace, 7th St, 39, 75136",2018-11-09,Amazon Prime Shipping,Klarna
312,JcksnMzlMr37@gmail.com,Ofek Levy,"United States, Maine, Auburn, Meadow Ln, 14, 05389",2018-11-11,Greyhound Package Express,ShopPay
313,fkMzlBrwn60@gmail.com,Michael Jones,"United States, Massachusetts, Cambridge, 2nd Ave, 107, 40299",2018-11-20,Click & Collect,ShopPay
314,JcksnDvs14@gmail.com,Ethan Moore,"United States, Idaho, Lewiston, Mill St, 81, 55985",2018-11-24,Amazon Prime Shipping,ShopPay
315,JmsSmt59@gmail.com,James Friedman,"United States, Missouri, St. Charles, Circle Dr, 41, 00879",2018-11-25,Click & Collect,ShopPay
316,MsnLws31@gmail.com,Amelia Jones,"United States, Kansas, Wichita, West St, 122, 94358",2018-11-28,Greyhound Package Express,ShopPay
317,NDvs84@gmail.com,Oren Katz,"United States, Montana, Havre, Main St, 130, 98482",2018-12-02,Click & Collect,ShopPay
318,LcsGrcDn10@gmail.com,Jackson Williams,"United States, Minnesota, Coon Rapids, Walnut St, 58, 43474",2018-12-28,Air Cargo,ShopPay
319,vLvy99@gmail.com,Isabella Cohen,"United States, Mississippi, Starkville, W Main St, 48, 13043",2018-12-29,Amtrak Express Shipping,ShopPay
320,MdsnClrk51@gmail.com,Logan Johnson,"United States, Maine, Sanford, Willow St, 62, 08416",2018-12-31,Freight Shipping,Klarna
321,JcbMrtn35@gmail.com,Alexander Geva,"United States, Missouri, Independence, Mill St, 121, 64760",2018-12-31,Regional Carriers,Klarna
322,frrnndz34@gmail.com,Madison Charles Clark,"United States, Nevada, Paradise, Pine St, 14, 71896",2019-01-02,Greyhound Package Express,ShopPay
323,lvMzr07@gmail.com,Ofek Hernandez,"United States, Georgia, Valdosta, Washington St, 72, 62195",2019-01-13,Greyhound Package Express,Klarna
324,vryRsMrtnz06@gmail.com,Evelyn Hernandez,"United States, Kentucky, Independence, Meadow Ln, 24, 61402",2019-01-24,UPS,ShopPay
325,SfClrk97@gmail.com,Madison Friedman,"United States, Missouri, St. Joseph, Center St, 42, 20612",2019-01-27,Amazon Prime Shipping,ShopPay
326,vCrlsPrz33@gmail.com,Emily Geva,"United States, Alaska, Gateway, Park Ave, 12, 71417",2019-01-30,Amazon Prime Shipping,Klarna
327,mlyMrKtz96@gmail.com,Emma Thomas,"United States, Michigan, Troy, 2nd Ave, 103, 77136",2019-01-30,Regional Carriers,ShopPay
328,SfRdrgz27@gmail.com,Sofia Sanchez,"United States, Nevada, Sunrise Manor, Maple Ave, 72, 81272",2019-02-02,Amazon Prime Shipping,ShopPay
329,JcbLpz44@gmail.com,Amelia Jones,"United States, Montana, Helena, County Line Rd, 63, 37478",2019-02-07,UPS,ShopPay
330,vlynLvy73@gmail.com,Emma Dahan,"United States, Arizona, Avondale, West St, 23, 31712",2019-02-13,Greyhound Package Express,Klarna
331,mlyMrKtz96@gmail.com,Tom Jones,"United States, Massachusetts, Newton, 5th St, 45, 41475",2019-02-20,UPS,Klarna
332,CrlttJns43@gmail.com,James Weizman,"United States, Louisiana, Lafayette, E Main St, 7, 36193",2019-02-22,Freight Shipping,ShopPay
333,Gfnlzbtrnndz91@gmail.com,Avery Rose Martinez,"United States, Maine, Augusta, Park St, 114, 46120",2019-03-02,Greyhound Package Express,ShopPay
334,fkMzlBrwn60@gmail.com,Oliver Sanchez,"United States, Louisiana, Houma, Short St, 72, 26159",2019-03-04,Regional Carriers,ShopPay
335,dnrnndz45@gmail.com,Julie Johnson,"United States, California, Sacramento, Park Ave, 74, 39125",2019-03-05,Air Cargo,Klarna
336,rprCrlsFrdmn61@gmail.com,Michael Anderson,"United States, Massachusetts, Lynn, 4th Ave, 99, 48886",2019-03-07,FedEx,ShopPay
337,lxndrLpz85@gmail.com,Isabella Jones,"United States, Arizona, Yuma, Circle Dr, 49, 10507",2019-03-12,Regional Carriers,ShopPay
338,dnJnMzr24@gmail.com,Aiden Jones,"United States, Massachusetts, Cambridge, Willow St, 113, 41969",2019-03-12,Amazon Prime Shipping,ShopPay
339,dnrrs42@gmail.com,Emily Geva,"United States, Maryland, Frederick, 5th St, 120, 90810",2019-03-27,Amazon Prime Shipping,ShopPay
340,frGv06@gmail.com,Abigail Moore,"United States, Maryland, Germantown, Center St, 69, 01559",2019-03-30,Greyhound Package Express,ShopPay
341,lvrClrk90@gmail.com,Ava Rodriguez,"United States, Colorado, Highlands Ranch, 2nd St, 50, 92779",2019-04-07,Greyhound Package Express,ShopPay
342,rnJcksn25@gmail.com,James Weizman,"United States, Mississippi, Hattiesburg, 4th St, 21, 15198",2019-04-11,Freight Shipping,Klarna
343,bglGnzlz62@gmail.com,Evelyn John Clark,"United States, Mississippi, Greenville, Church St, 24, 31144",2019-04-18,Greyhound Package Express,ShopPay
344,GfnGnzlz74@gmail.com,Emily Thomas,"United States, Nevada, Paradise, Maple Ave, 117, 24716",2019-04-20,Greyhound Package Express,ShopPay
345,GfnGnzlz74@gmail.com,Ava Rodriguez,"United States, Massachusetts, Somerville, High St, 78, 65778",2019-04-21,Freight Shipping,ShopPay
346,JcbFrdmn60@gmail.com,Alexander Brown,"United States, Arkansas, Jonesboro, Railroad St, 48, 21909",2019-04-21,Air Cargo,Klarna
347,lvrrnndz06@gmail.com,Ofri Moore,"United States, Arkansas, Hot Springs, Water St, 32, 54789",2019-05-05,Freight Shipping,Klarna
348,JmsSmt59@gmail.com,Evelyn Levy,"United States, Connecticut, Danbury, Mill St, 62, 02507",2019-05-14,Amtrak Express Shipping,Klarna
349,JcksnMzlMr37@gmail.com,Abigail Gonzalez,"United States, Alaska, Steele Creek, Main St, 102, 68337",2019-05-15,Air Cargo,ShopPay
350,fkMzlBrwn60@gmail.com,Ori Katz,"United States, Kansas, Leawood, W Main St, 124, 38625",2019-05-21,USPS,Klarna
351,BnjmnJnSmt46@gmail.com,Jacob Martin,"United States, New Jersey, Jersey City, 6th St, 106, 58668",2019-05-25,UPS,Klarna
352,SfKtz57@gmail.com,Lucas Rose Gonzalez,"United States, Delaware, Smyrna, North St, 63, 30044",2019-05-31,Freight Shipping,ShopPay
353,SpMllr01@gmail.com,Ofri Grace Moore,"United States, Michigan, Grand Rapids, Park Ave, 10, 14922",2019-06-01,Freight Shipping,ShopPay
354,JcbMrtn31@gmail.com,Avery Charles Taylor,"United States, Arkansas, Hot Springs, 4th Ave, 93, 43877",2019-06-04,Freight Shipping,Klarna
355,mlyMrMrtn48@gmail.com,Elijah Brown,"United States, Mississippi, Gulfport, Maple St, 15, 83491",2019-06-09,Regional Carriers,Klarna
356,LmFrdmn42@gmail.com,Gefen Davis,"United States, Indiana, Muncie, 6th St, 61, 86658",2019-06-10,Greyhound Package Express,ShopPay
357,MclGnzlz35@gmail.com,Harper Davis,"United States, Nebraska, Grand Island, Church St, 41, 65687",2019-06-10,Amazon Prime Shipping,ShopPay
358,tnClrk45@gmail.com,Dor Thomas,"United States, Florida, Daytona Beach, Ash St, 72, 36984",2019-06-16,Amazon Prime Shipping,ShopPay
359,CrlttLMzr65@gmail.com,Emily Gonzalez,"United States, Alabama, Florence, 5th St, 37, 16629",2019-06-17,DHL,Klarna
360,JmsSmt59@gmail.com,Sophia Chai Miller,"United States, Kentucky, Richmond, Vine St, 104, 28740",2019-06-27,DHL,ShopPay
361,bglLvy17@gmail.com,Julie Johnson,"United States, Alaska, Gateway, Park Ave, 12, 71417",2019-06-28,DHL,ShopPay
362,BnjmnMzr25@gmail.com,Evelyn Moore,"United States, Delaware, Milford, Maple St, 50, 40223",2019-07-06,Greyhound Package Express,ShopPay
363,JcksnDvs14@gmail.com,Sofia Anderson,"United States, Arizona, Surprise, Jackson St, 136, 23289",2019-07-09,Regional Carriers,ShopPay
364,frMrtn34@gmail.com,Lucas Grace Dahan,"United States, Montana, Lockwood, Main St, 17, 93737",2019-07-10,DHL,Klarna
365,Drrrs43@gmail.com,Aiden Lewis,"United States, Minnesota, Coon Rapids, Walnut St, 58, 43474",2019-07-12,Greyhound Package Express,ShopPay
366,CrlttMllr37@gmail.com,Tom Martinez,"United States, Iowa, Dubuque, 6th St, 6, 55502",2019-07-17,UPS,Klarna
367,MdsnDnlv57@gmail.com,Ava Johnson,"United States, Mississippi, Jackson, S Main St, 82, 68793",2019-07-19,Freight Shipping,Klarna
368,SpMllr01@gmail.com,Oliver Elizabeth Lee,"United States, Mississippi, Gulfport, Lakeview Dr, 84, 22867",2019-07-22,Freight Shipping,ShopPay
369,dnJnMzr24@gmail.com,Harper White,"United States, New Jersey, Jersey City, County Line Rd, 17, 46351",2019-07-23,Freight Shipping,ShopPay
370,rnLynnTms61@gmail.com,Ethan Cohen,"United States, California, Los Angeles, Mill St, 38, 96571",2019-07-29,DHL,Klarna
371,JlL94@gmail.com,Avery Brown,"United States, Massachusetts, Somerville, Elm St, 71, 86295",2019-08-01,Amazon Prime Shipping,Klarna
372,DrrDn24@gmail.com,Charlotte Anderson,"United States, Alaska, Steele Creek, Main St, 102, 68337",2019-08-02,Amazon Prime Shipping,ShopPay
373,sbllndrsn30@gmail.com,Dor Robinson,"United States, Maryland, Gaithersburg, Maple St, 75, 27513",2019-08-04,Amazon Prime Shipping,ShopPay
374,mmClrk69@gmail.com,Avery Moore,"United States, Michigan, Grand Rapids, High St, 76, 09538",2019-08-05,Greyhound Package Express,ShopPay
375,CrlttLMzr65@gmail.com,Jackson Brown,"United States, Alabama, Florence, Woodland Dr, 17, 81776",2019-08-06,Freight Shipping,ShopPay
376,bglVgdrvtc37@gmail.com,Tom Mizrahi,"United States, Alaska, Gateway, Park Ave, 12, 71417",2019-08-15,Click & Collect,Klarna
377,DrrLvy20@gmail.com,Gefen Joseph Hernandez,"United States, Maine, Brewer, 8th St, 104, 83764",2019-08-28,UPS,Klarna
378,bglLvy01@gmail.com,Harper White,"United States, Massachusetts, Somerville, Elm St, 71, 86295",2019-09-01,Freight Shipping,Klarna
379,MdsnTylr13@gmail.com,Tom Williams,"United States, Missouri, Florissant, Shady Ln, 73, 83983",2019-09-03,Amtrak Express Shipping,Klarna
380,MclGnzlz35@gmail.com,Evelyn Moore,"United States, Mississippi, Jackson, S Main St, 82, 68793",2019-09-04,Regional Carriers,ShopPay
381,mmClrk97@gmail.com,Harper Johnson,"United States, Alabama, Madison, Park Ave, 43, 12464",2019-09-05,UPS,ShopPay
382,vlynLws72@gmail.com,Aiden Hernandez,"United States, Mississippi, Starkville, W Main St, 48, 13043",2019-09-13,UPS,ShopPay
383,GfnGrc95@gmail.com,James Smith,"United States, Alaska, Anchorage, 1st St, 67, 99124",2019-09-19,Air Cargo,ShopPay
384,JcksnMllr62@gmail.com,Oliver Clark,"United States, Arkansas, Pine Bluff, Shady Ln, 19, 74543",2019-09-19,DHL,ShopPay
385,SpLGrc12@gmail.com,Oliver Sanchez,"United States, Kentucky, Covington, Washington Ave, 55, 73710",2019-09-25,DHL,ShopPay
386,mmTms86@gmail.com,Tom Martinez,"United States, Alabama, Madison, 3rd St, 101, 99651",2019-09-29,Freight Shipping,ShopPay
387,vLvy99@gmail.com,Logan Moore,"United States, Alaska, College, 3rd Ave, 90, 88553",2019-10-09,Regional Carriers,Klarna
388,mmSncz74@gmail.com,Logan Clark,"United States, Georgia, Savannah, North St, 30, 55307",2019-10-16,FedEx,ShopPay
389,lxndrGv34@gmail.com,Abigail Vigdorovitch,"United States, Georgia, Valdosta, 4th St, 69, 11197",2019-10-16,UPS,ShopPay
390,SpMllr01@gmail.com,Charlotte Geva,"United States, New Jersey, Jersey City, 6th St, 106, 58668",2019-10-19,Amtrak Express Shipping,Klarna
391,GfnJsprnndz85@gmail.com,Isabella Danilov,"United States, Nebraska, Lincoln, Circle Dr, 18, 63564",2019-10-21,Amazon Prime Shipping,Klarna
392,rprWt94@gmail.com,Julie Rodriguez,"United States, Kansas, Shawnee, 4th St, 54, 54200",2019-10-22,FedEx,ShopPay
393,mmMzr49@gmail.com,Ori Miller,"United States, Connecticut, Meriden, Airport Rd, 55, 07315",2019-11-06,Amtrak Express Shipping,Klarna
394,JlJnsn95@gmail.com,Ava Charles Perez,"United States, Arkansas, North Little Rock, Jefferson St, 99, 84014",2019-11-10,Freight Shipping,ShopPay
395,LgnGnzlz98@gmail.com,Aiden Jones,"United States, Nevada, Summerlin South, Lakeview Dr, 15, 01904",2019-11-14,FedEx,ShopPay
396,CrlttMrSncz90@gmail.com,Madison Ann Wilson,"United States, Louisiana, Central, Franklin St, 63, 15940",2019-12-05,Amtrak Express Shipping,ShopPay
397,JlJnsn95@gmail.com,Madison Friedman,"United States, Mississippi, Hattiesburg, 4th St, 21, 15198",2019-12-10,UPS,ShopPay
398,JcksnLws94@gmail.com,Jackson Mazal Moore,"United States, Alaska, Fairbanks, County Line Rd, 131, 98495",2019-12-15,UPS,Klarna
399,JcbFrdmn60@gmail.com,Evelyn Hernandez,"United States, Delaware, Brookside, East St, 46, 00458",2019-12-18,DHL,ShopPay
400,TmRdrgz53@gmail.com,Julie Johnson,"United States, Georgia, Sandy Springs, Maple St, 54, 00121",2019-12-20,FedEx,Klarna
401,sbllSmt06@gmail.com,Charlotte Marie Sanchez,"United States, Connecticut, East Hartford, Hill St, 9, 23802",2020-01-03,Greyhound Package Express,ShopPay
402,MsnCrlsKtz16@gmail.com,Dor Smith,"United States, Kansas, Leawood, W Main St, 124, 38625",2020-01-04,Amazon Prime Shipping,Klarna
403,LcsSncz58@gmail.com,Aiden Hernandez,"United States, California, Long Beach, Cedar Ln, 63, 41157",2020-01-05,Greyhound Package Express,ShopPay
404,JllzbtWzmn16@gmail.com,Oren Robinson,"United States, Delaware, Smyrna, 3rd St, 96, 20608",2020-01-06,Click & Collect,ShopPay
405,CrlttGv73@gmail.com,Abigail Lopez,"United States, Maryland, Dundalk, Park Ave, 120, 82370",2020-01-10,DHL,ShopPay
406,MsnCrlsKtz16@gmail.com,Madison Weizman,"United States, Hawaii, Waipahu, River Rd, 58, 43657",2020-01-18,Regional Carriers,ShopPay
407,JcbMrtn35@gmail.com,Benjamin Mizrahi,"United States, Georgia, Macon, Railroad Ave, 94, 43005",2020-01-18,Amazon Prime Shipping,ShopPay
408,MdsnFrdmn07@gmail.com,Aiden Miller,"United States, Mississippi, Oxford, 8th St, 96, 62970",2020-01-19,Air Cargo,ShopPay
409,TmMllr28@gmail.com,Madison Taylor,"United States, Illinois, Elgin, Hill St, 38, 42527",2020-01-20,Amtrak Express Shipping,ShopPay
410,MsnLws31@gmail.com,Lucas Miller,"United States, Arizona, Yuma, Circle Dr, 49, 10507",2020-01-24,Freight Shipping,ShopPay
411,dnrrs42@gmail.com,Sophia Martin,"United States, Arizona, Yuma, 5th St, 7, 87651",2020-02-01,USPS,ShopPay
412,lvrrnndz06@gmail.com,Avery Elizabeth Cohen,"United States, Florida, North Port, Spring St, 65, 70037",2020-02-06,Amtrak Express Shipping,ShopPay
413,LcsBrwn57@gmail.com,Ofek Katz,"United States, Arizona, Scottsdale, Woodland Dr, 119, 87074",2020-02-15,FedEx,Klarna
414,mlFrdmn59@gmail.com,Ofek Moore,"United States, Maine, Sanford, Willow St, 62, 08416",2020-03-04,UPS,ShopPay
415,TmMrtnz56@gmail.com,Dor Smith,"United States, Colorado, Castle Rock, Highland Ave, 14, 63557",2020-03-09,DHL,Klarna
416,vlynLvy73@gmail.com,Michael Lee Thomas,"United States, Minnesota, Lakeville, Spruce St, 91, 08485",2020-04-03,UPS,ShopPay
417,mmClrk69@gmail.com,Mason Lewis,"United States, Nebraska, Norfolk, Oak St, 46, 58728",2020-04-04,Air Cargo,ShopPay
418,lvrSncz91@gmail.com,Ava James Johnson,"United States, New Hampshire, Somersworth, Washington St, 62, 40644",2020-04-04,Air Cargo,ShopPay
419,GfnGrc95@gmail.com,Ethan Marie Levy,"United States, Nebraska, Lincoln, Circle Dr, 18, 63564",2020-04-05,USPS,ShopPay
420,MdsnGv61@gmail.com,Elijah Mizrahi,"United States, Florida, Jacksonville, Meadow Ln, 122, 60562",2020-04-05,DHL,ShopPay
421,GfnCGnzlz40@gmail.com,Oren Rose Clark,"United States, Massachusetts, Cambridge, Washington Ave, 19, 64189",2020-05-02,Air Cargo,ShopPay
422,JmsClrk17@gmail.com,James White,"United States, Nevada, Enterprise, Highland Ave, 118, 16264",2020-05-15,Amazon Prime Shipping,ShopPay
423,mlJns10@gmail.com,Harper Davis,"United States, Maryland, Bethesda, Front St, 76, 02063",2020-05-18,Amtrak Express Shipping,Klarna
424,bglVgdrvtc37@gmail.com,Mason Geva,"United States, Nebraska, Omaha, 3rd St, 57, 82454",2020-05-20,Regional Carriers,ShopPay
425,mmClrk97@gmail.com,Emma Anderson,"United States, Kentucky, Henderson, Shady Ln, 5, 99769",2020-05-21,Freight Shipping,ShopPay
426,fkrnndz51@gmail.com,Ori Harris,"United States, Delaware, Smyrna, North St, 63, 30044",2020-05-30,Click & Collect,ShopPay
427,bglLvy01@gmail.com,Mason Geva,"United States, Connecticut, Stratford, Railroad St, 60, 69376",2020-06-02,Click & Collect,ShopPay
428,vryRsMrtnz06@gmail.com,Noah Davis,"United States, Idaho, Rexburg, Water St, 129, 01685",2020-06-12,Amazon Prime Shipping,ShopPay
429,DrBrwn14@gmail.com,Madison Charles Clark,"United States, Indiana, Muncie, 6th St, 61, 86658",2020-06-24,Air Cargo,ShopPay
430,JcbLpz44@gmail.com,Ofek White,"United States, Kentucky, Richmond, Vine St, 104, 28740",2020-06-25,Regional Carriers,ShopPay
431,lvrLynnJns92@gmail.com,Julie Elizabeth Levy,"United States, Colorado, Highlands Ranch, 2nd St, 50, 92779",2020-06-25,Freight Shipping,Klarna
432,vlynLws72@gmail.com,Jacob Lee Jackson,"United States, Kentucky, Bowling Green, Hillcrest Dr, 9, 26097",2020-06-26,Air Cargo,ShopPay
433,LgnDnlv46@gmail.com,Emma Hernandez,"United States, Georgia, Columbus, 5th St, 60, 53295",2020-07-05,Amazon Prime Shipping,Klarna
434,dnrnndz45@gmail.com,Jackson Miller,"United States, California, Anaheim, Railroad St, 122, 83517",2020-07-06,Amtrak Express Shipping,ShopPay
435,TmMrtnz56@gmail.com,James Weizman,"United States, Minnesota, Coon Rapids, Walnut St, 58, 43474",2020-07-13,FedEx,ShopPay
436,lxndrLpz85@gmail.com,James Weizman,"United States, Arizona, Surprise, Short St, 127, 70445",2020-07-14,FedEx,ShopPay
437,MsnLws31@gmail.com,Aiden Weizman,"United States, Indiana, Fishers, 5th St, 24, 53605",2020-07-24,Freight Shipping,Klarna
438,mlyGv17@gmail.com,Oliver Clark,"United States, Massachusetts, Framingham, South St, 85, 48477",2020-08-03,Click & Collect,ShopPay
439,tnClrk45@gmail.com,Mason Robinson,"United States, Georgia, Johns Creek, Cedar St, 131, 34467",2020-08-07,Amtrak Express Shipping,ShopPay
440,lvrLynnJns92@gmail.com,Mason Vigdorovitch,"United States, Alabama, Florence, 5th St, 37, 16629",2020-08-08,Regional Carriers,ShopPay
441,MsnCrlsKtz16@gmail.com,Aiden Hernandez,"United States, Kentucky, Lexington, Elm St, 83, 15179",2020-08-14,Air Cargo,Klarna
442,LgnBrwn08@gmail.com,Benjamin Mizrahi,"United States, Connecticut, Danbury, Mill St, 62, 02507",2020-08-19,Air Cargo,Klarna
443,JcksnMzlMr37@gmail.com,Emma Geva,"United States, Florida, Port St. Lucie, S Main St, 115, 07253",2020-08-30,Regional Carriers,Klarna
444,dnMllr03@gmail.com,Madison Ann Wilson,"United States, Kentucky, Covington, Washington Ave, 55, 73710",2020-09-10,Click & Collect,ShopPay
445,vJmsJnsn97@gmail.com,Liam Jones,"United States, Connecticut, Stratford, Railroad St, 60, 69376",2020-09-18,DHL,ShopPay
446,JcbFrdmn60@gmail.com,Mason Robinson,"United States, New Hampshire, Londonderry, Spruce St, 114, 23993",2020-09-23,Regional Carriers,ShopPay
447,MdsnRdrgz93@gmail.com,Julie Lee,"United States, Kentucky, Bowling Green, Hillcrest Dr, 9, 26097",2020-09-26,Amtrak Express Shipping,ShopPay
448,vCrlsPrz33@gmail.com,Logan Moore,"United States, Mississippi, Gulfport, Maple St, 15, 83491",2020-10-04,Air Cargo,ShopPay
449,frrnndz34@gmail.com,Oliver Sanchez,"United States, Maine, Sanford, Center St, 112, 25078",2020-10-06,UPS,Klarna
450,mmMzr49@gmail.com,Evelyn Moore,"United States, New Jersey, East Orange, 2nd St, 86, 45642",2020-10-09,Amazon Prime Shipping,Klarna
451,MsnTms15@gmail.com,Aiden Weizman,"United States, Alabama, Hoover, Locust St, 11, 34658",2020-10-15,UPS,Klarna
452,mlyGv17@gmail.com,Emma Clark,"United States, Kentucky, Henderson, North St, 115, 90611",2020-10-15,DHL,ShopPay
453,CrlttGv48@gmail.com,Aiden Lewis,"United States, Mississippi, Gulfport, Maple St, 15, 83491",2020-11-01,FedEx,ShopPay
454,rnRsClrk15@gmail.com,Emma Clark,"United States, Maryland, Annapolis, 1st Ave, 55, 07623",2020-11-01,DHL,ShopPay
455,DrPrz74@gmail.com,Abigail Vigdorovitch,"United States, Illinois, Springfield, 8th St, 29, 14580",2020-11-06,DHL,ShopPay
456,LgnBrwn08@gmail.com,Ethan Marie Levy,"United States, Kansas, Dodge City, Franklin St, 17, 57185",2020-11-07,Freight Shipping,ShopPay
457,lvRdrgz49@gmail.com,Dor Smith,"United States, Missouri, Columbia, Poplar St, 94, 79085",2020-11-22,Air Cargo,ShopPay
458,TmRdrgz53@gmail.com,Amelia Rodriguez,"United States, Nevada, Sun Valley, Woodland Dr, 75, 68664",2020-11-23,Freight Shipping,ShopPay
459,LcsTylr82@gmail.com,Logan White,"United States, Minnesota, Lakeville, Spruce St, 91, 08485",2020-11-25,Greyhound Package Express,Klarna
460,fkMzlBrwn60@gmail.com,Harper White,"United States, Connecticut, Milford city, Highland Ave, 20, 43584",2020-12-03,Greyhound Package Express,Klarna
461,dnrnndz45@gmail.com,Gefen Robinson,"United States, Montana, Missoula, High St, 101, 77054",2020-12-27,Air Cargo,Klarna
462,MclLTms99@gmail.com,Dor Ann Gonzalez,"United States, Kansas, Shawnee, 4th St, 54, 54200",2021-01-08,Air Cargo,ShopPay
463,sbllndrsn30@gmail.com,Sophia Thomas,"United States, Connecticut, West Hartford, Washington Ave, 136, 00292",2021-01-09,Amazon Prime Shipping,ShopPay
464,rprCrlsFrdmn61@gmail.com,Emma Hernandez,"United States, Nebraska, La Vista, 1st St, 4, 74651",2021-01-11,Air Cargo,ShopPay
465,SfClrk97@gmail.com,Jacob Friedman,"United States, Minnesota, Plymouth, Willow St, 55, 08504",2021-01-14,Freight Shipping,ShopPay
466,GfnJsprnndz85@gmail.com,Abigail Gonzalez,"United States, Idaho, Ammon, Cedar St, 97, 90717",2021-01-18,Freight Shipping,ShopPay
467,MdsnGv61@gmail.com,Emily Geva,"United States, Nevada, Enterprise, Main St, 65, 24075",2021-01-22,UPS,ShopPay
468,ljPrz53@gmail.com,Oliver Sanchez,"United States, Georgia, Atlanta, Adams St, 109, 12937",2021-01-22,Amtrak Express Shipping,Klarna
469,LmFrdmn42@gmail.com,Ori Miller,"United States, Maine, Biddeford, Sunset Dr, 22, 17936",2021-01-29,UPS,ShopPay
470,MdsnTylr13@gmail.com,Abigail Thompson,"United States, Colorado, Highlands Ranch, 2nd St, 50, 92779",2021-02-02,Amtrak Express Shipping,ShopPay
471,rnSmt44@gmail.com,Harper Johnson,"United States, Arkansas, Springdale, Cherry St, 38, 71783",2021-02-25,Click & Collect,ShopPay
472,JcbLpz44@gmail.com,Sophia Lynn Dahan,"United States, Nevada, North Las Vegas, Spruce St, 125, 35191",2021-02-26,Freight Shipping,Klarna
473,MsnCrlsKtz16@gmail.com,Evelyn Moore,"United States, Georgia, Savannah, North St, 30, 55307",2021-03-07,Regional Carriers,ShopPay
474,MclGnzlz35@gmail.com,Lucas Grace Dahan,"United States, Massachusetts, Cambridge, Willow St, 113, 41969",2021-03-09,Amtrak Express Shipping,Klarna
475,MdsnDnlv57@gmail.com,Harper Wilson,"United States, Georgia, Atlanta, Cedar St, 113, 62903",2021-03-10,Air Cargo,Klarna
476,MclLTms99@gmail.com,Evelyn Ann Robinson,"United States, Mississippi, Hattiesburg, 4th St, 21, 15198",2021-03-18,Amazon Prime Shipping,ShopPay
477,BnjmnLL86@gmail.com,James Lewis,"United States, Arizona, Gilbert, County Line Rd, 19, 89971",2021-04-03,FedEx,ShopPay
478,LgnBrwn08@gmail.com,Liam Jones,"United States, Kansas, Dodge City, Main St, 13, 92010",2021-04-15,Amtrak Express Shipping,ShopPay
479,rnKtz16@gmail.com,Lucas Mazal Smith,"United States, Georgia, Marietta, Short St, 41, 79658",2021-04-18,Air Cargo,Klarna
480,LcsTylr82@gmail.com,Madison Ann Wilson,"United States, Missouri, Florissant, Shady Ln, 73, 83983",2021-04-20,Amtrak Express Shipping,Klarna
481,JcbLpz44@gmail.com,Jacob Martin,"United States, Alabama, Auburn, 2nd St, 96, 33194",2021-05-02,Greyhound Package Express,ShopPay
482,LgnLvy42@gmail.com,Ethan Marie Levy,"United States, Arizona, Goodyear, Elm St, 20, 22352",2021-05-05,Greyhound Package Express,Klarna
483,JcksnLws94@gmail.com,Oliver Sanchez,"United States, Georgia, Atlanta, Adams St, 109, 12937",2021-05-06,Amtrak Express Shipping,Klarna
484,mmTms86@gmail.com,Julie Johnson,"United States, Alabama, Florence, 6th St, 60, 54063",2021-05-11,USPS,ShopPay
485,JcksnMzlMr37@gmail.com,James Geva,"United States, Louisiana, Lafayette, E Main St, 7, 36193",2021-05-28,DHL,ShopPay
486,SpWlsn43@gmail.com,Avery Rodriguez,"United States, Maryland, Frederick, 7th St, 66, 22009",2021-06-06,Click & Collect,ShopPay
487,mmMzr49@gmail.com,Sophia Clark,"United States, Kentucky, Independence, Franklin St, 99, 18417",2021-06-11,Greyhound Package Express,Klarna
488,Drrrs43@gmail.com,Lucas Rose Gonzalez,"United States, Arizona, Chandler, W Main St, 28, 91266",2021-06-12,UPS,Klarna
489,lvrClrk90@gmail.com,Charlotte Geva,"United States, Missouri, St. Joseph, Meadow Ln, 77, 28973",2021-06-13,Air Cargo,ShopPay
490,LcsGrcDn10@gmail.com,Ofri Geva,"United States, Georgia, Albany, North St, 109, 67308",2021-07-03,Amazon Prime Shipping,ShopPay
491,rprCrlsFrdmn61@gmail.com,Abigail Moore,"United States, Kansas, Leawood, 10th St, 20, 36377",2021-07-04,Amtrak Express Shipping,ShopPay
492,JcbLJcksn17@gmail.com,Madison Clark,"United States, Kentucky, Independence, Meadow Ln, 24, 61402",2021-07-06,Click & Collect,Klarna
493,JcbLJcksn17@gmail.com,Harper Miller,"United States, Maryland, Gaithersburg, Maple St, 75, 27513",2021-07-07,Freight Shipping,ShopPay
494,bglVgdrvtc37@gmail.com,Emma Sanchez,"United States, Nevada, Spring Valley, Shady Ln, 65, 15455",2021-07-08,Amazon Prime Shipping,ShopPay
495,fkKtz19@gmail.com,Ethan Hernandez,"United States, Maryland, Dundalk, Sunset Dr, 17, 44705",2021-07-08,Amtrak Express Shipping,Klarna
496,JcbLpz44@gmail.com,Emily Marie Katz,"United States, Minnesota, St. Cloud, Jefferson St, 135, 92851",2021-07-08,Amazon Prime Shipping,ShopPay
497,JlWlsn27@gmail.com,Evelyn Levy,"United States, Kansas, Wichita, West St, 122, 94358",2021-07-17,DHL,Klarna
498,mmTms86@gmail.com,Jacob Friedman,"United States, Delaware, Brookside, Park St, 15, 47961",2021-07-27,Amtrak Express Shipping,ShopPay
499,bglLvy01@gmail.com,Noah Katz,"United States, Missouri, St. Joseph, Meadow Ln, 77, 28973",2021-07-30,Greyhound Package Express,Klarna
500,sbllSmt06@gmail.com,Sophia Martin,"United States, Alaska, Juneau, Pine St, 26, 73909",2021-07-31,USPS,ShopPay
501,SfKtz57@gmail.com,Aiden Hernandez,"United States, Mississippi, Oxford, 8th St, 96, 62970",2021-08-02,USPS,ShopPay
502,MSrWt61@gmail.com,Aiden Jones,"United States, Hawaii, East Honolulu, Chestnut St, 127, 56437",2021-08-05,Amazon Prime Shipping,ShopPay
503,NKtz44@gmail.com,Emma Anderson,"United States, Arizona, Yuma, Circle Dr, 49, 10507",2021-08-06,USPS,Klarna
504,tnCn30@gmail.com,Aiden Katz,"United States, Colorado, Aurora, 5th St, 39, 44413",2021-08-07,Greyhound Package Express,ShopPay
505,JcbRbnsn08@gmail.com,Oren Katz,"United States, Mississippi, Oxford, 8th St, 96, 62970",2021-08-12,Amtrak Express Shipping,ShopPay
506,lxndrLpz85@gmail.com,Madison Danilov,"United States, Iowa, Dubuque, 7th St, 19, 13605",2021-08-12,Amtrak Express Shipping,ShopPay
507,JcbLJcksn17@gmail.com,Avery Rodriguez,"United States, Louisiana, Shreveport, School St, 59, 53930",2021-08-12,Click & Collect,ShopPay
508,mmrrs64@gmail.com,Logan Levy,"United States, Michigan, Troy, 2nd Ave, 103, 77136",2021-08-14,Greyhound Package Express,ShopPay
509,MSrWt61@gmail.com,Emily Danilov,"United States, New Hampshire, Londonderry, Spruce St, 114, 23993",2021-08-18,FedEx,ShopPay
510,mmTms86@gmail.com,Alexander Harris,"United States, Arkansas, Pine Bluff, Shady Ln, 19, 74543",2021-08-21,Amtrak Express Shipping,ShopPay
511,MsnLws31@gmail.com,James Geva,"United States, Kentucky, Lexington, Elm St, 83, 15179",2021-08-24,Click & Collect,Klarna
512,tnCn30@gmail.com,Mia Jackson,"United States, Montana, Missoula, High St, 101, 77054",2021-08-28,FedEx,ShopPay
513,dnMllr03@gmail.com,Michael Lee Thomas,"United States, Massachusetts, Lynn, 4th Ave, 99, 48886",2021-08-29,Regional Carriers,ShopPay
514,fkGnzlz86@gmail.com,Jackson Lewis,"United States, California, Anaheim, Railroad St, 122, 83517",2021-09-02,UPS,ShopPay
515,MdsnTms95@gmail.com,Avery Rose Martinez,"United States, Georgia, Atlanta, Park St, 40, 25249",2021-09-04,Freight Shipping,ShopPay
516,MsnLpz34@gmail.com,James Rodriguez,"United States, Maryland, Germantown, Center St, 69, 01559",2021-09-04,Regional Carriers,ShopPay
517,lvrClrk63@gmail.com,Ethan Marie Levy,"United States, Minnesota, St. Cloud, Jefferson St, 135, 92851",2021-10-06,Amazon Prime Shipping,ShopPay
518,JcksnDvs14@gmail.com,Logan White,"United States, Georgia, Augusta, Park Ave, 133, 94302",2021-10-12,Freight Shipping,ShopPay
519,DrBrwn14@gmail.com,Aiden John Mizrahi,"United States, Arizona, Tempe, Ridge Rd, 33, 96768",2021-10-13,USPS,ShopPay
520,mlyMrMrtn48@gmail.com,Tom Rodriguez,"United States, Montana, Helena, County Line Rd, 63, 37478",2021-10-16,Greyhound Package Express,ShopPay
521,MdsnDnlv57@gmail.com,Sophia Lee Garcia,"United States, Florida, Hialeah, West St, 109, 36590",2021-10-16,Click & Collect,ShopPay
522,rnKtz16@gmail.com,Dror Levy,"United States, Illinois, Springfield, Meadow Ln, 51, 38695",2021-10-18,DHL,Klarna
523,SfClrk97@gmail.com,Avery Danilov,"United States, Maryland, Dundalk, Sunset Dr, 17, 44705",2021-10-21,USPS,ShopPay
524,LgnWlsn64@gmail.com,Gefen Chai Gonzalez,"United States, Maryland, Annapolis, 1st Ave, 55, 07623",2021-10-21,FedEx,ShopPay
525,CrlttMllr37@gmail.com,Ava Friedman,"United States, Florida, North Port, Spring St, 65, 70037",2021-10-22,FedEx,ShopPay
526,vRdrgz19@gmail.com,Mia Sara White,"United States, Florida, Daytona Beach, Ash St, 72, 36984",2021-10-29,Regional Carriers,ShopPay
527,SpRmrz97@gmail.com,Lucas Sanchez,"United States, Minnesota, Lakeville, Spruce St, 91, 08485",2021-11-14,FedEx,ShopPay
528,bglVgdrvtc37@gmail.com,Tom Rodriguez,"United States, Hawaii, Waipahu, Water St, 92, 57879",2021-11-22,FedEx,ShopPay
529,JlMr12@gmail.com,Ori Thomas,"United States, California, Sacramento, Park Ave, 74, 39125",2021-11-24,UPS,ShopPay
530,bglGnzlz62@gmail.com,Ofek Levy,"United States, Delaware, Hockessin, Chestnut St, 4, 56542",2021-11-25,Freight Shipping,Klarna
531,TmMrtnz56@gmail.com,Olivia Sanchez,"United States, Montana, Missoula, High St, 101, 77054",2021-11-25,Greyhound Package Express,ShopPay
532,dnrnndz45@gmail.com,Dor Harris,"United States, Maine, Biddeford, Front St, 91, 76332",2021-11-28,FedEx,ShopPay
533,MSrWt61@gmail.com,Evelyn Moore,"United States, Alaska, Juneau, Pine St, 26, 73909",2021-11-30,DHL,ShopPay
534,MsnGv31@gmail.com,Olivia Thomas,"United States, Arkansas, Pine Bluff, Meadow Ln, 70, 86407",2021-12-02,Amtrak Express Shipping,ShopPay
535,CrlttMrSncz90@gmail.com,Dror Levy,"United States, Arizona, Gilbert, County Line Rd, 19, 89971",2021-12-05,Freight Shipping,ShopPay
536,MdsnGnzlz86@gmail.com,Isabella Danilov,"United States, Georgia, Marietta, Highland Ave, 99, 87583",2021-12-06,Air Cargo,Klarna
537,vRdrgz19@gmail.com,Harper White,"United States, Nebraska, La Vista, 1st St, 4, 74651",2021-12-14,UPS,Klarna
538,CrlttJns43@gmail.com,Isabella Harris,"United States, Kansas, Leawood, 10th St, 20, 36377",2021-12-20,Amtrak Express Shipping,Klarna
539,SpRmrz97@gmail.com,Avery Charles Taylor,"United States, Colorado, Highlands Ranch, 2nd St, 50, 92779",2021-12-26,UPS,ShopPay
540,vCrlsPrz33@gmail.com,James White,"United States, Kentucky, Independence, Meadow Ln, 24, 61402",2021-12-27,DHL,ShopPay
541,sbllJns35@gmail.com,Michael Lee Thomas,"United States, Maryland, Germantown, Center St, 69, 01559",2022-01-07,USPS,ShopPay
542,LcsRsGnzlz33@gmail.com,Benjamin Lee Lee,"United States, Maryland, Germantown, Center St, 69, 01559",2022-01-09,Air Cargo,Klarna
543,LcsGv65@gmail.com,Abigail Levy,"United States, Montana, Missoula, High St, 101, 77054",2022-01-18,FedEx,ShopPay
544,bglLvy01@gmail.com,Jacob Lopez,"United States, Alaska, Steele Creek, High St, 16, 68627",2022-01-30,Regional Carriers,ShopPay
545,rprWlsn19@gmail.com,Liam Jones,"United States, Alaska, Anchorage, 1st St, 67, 99124",2022-02-08,Click & Collect,Klarna
546,rnJcksn25@gmail.com,Tom Miller,"United States, New Jersey, Elizabeth, Ridge Rd, 106, 72886",2022-02-14,USPS,Klarna
547,lxndrLpz85@gmail.com,Harper Wilson,"United States, Louisiana, Lafayette, E Main St, 7, 36193",2022-02-14,Click & Collect,Klarna
548,TmMllr28@gmail.com,Abigail Moore,"United States, Missouri, St. Charles, Circle Dr, 41, 00879",2022-02-22,Air Cargo,Klarna
549,rprCrlsFrdmn61@gmail.com,Sofia Katz,"United States, Delaware, Hockessin, Chestnut St, 4, 56542",2022-02-26,Regional Carriers,Klarna
550,DrBrwn14@gmail.com,Charlotte Geva,"United States, Maryland, Dundalk, Sunset Dr, 17, 44705",2022-02-27,Air Cargo,Klarna
551,JcbJnsn96@gmail.com,Logan Friedman,"United States, Colorado, Centennial, Washington St, 9, 57362",2022-03-09,Freight Shipping,ShopPay
552,rnRsClrk15@gmail.com,Tom Martinez,"United States, Minnesota, Eagan, E Main St, 109, 71908",2022-03-10,Freight Shipping,Klarna
553,LgnTms03@gmail.com,Oren Perez,"United States, Maine, Auburn, Meadow Ln, 14, 05389",2022-03-15,FedEx,Klarna
554,MdsnDnlv57@gmail.com,Abigail Friedman,"United States, Colorado, Castle Rock, Highland Ave, 14, 63557",2022-03-24,Air Cargo,ShopPay
555,mlJns10@gmail.com,Dor Smith,"United States, Idaho, Rexburg, Woodland Dr, 102, 60110",2022-03-25,DHL,ShopPay
556,CrlttLMzr65@gmail.com,Julie Johnson,"United States, Alaska, Wasilla, Hill St, 126, 08169",2022-03-29,Air Cargo,Klarna
557,fkWzmn92@gmail.com,Dor Ann Gonzalez,"United States, Kentucky, Henderson, Meadow Ln, 40, 83432",2022-04-07,Freight Shipping,ShopPay
558,mlyMrMrtn48@gmail.com,Sophia Wilson,"United States, Nevada, Sun Valley, Woodland Dr, 75, 68664",2022-04-07,USPS,ShopPay
559,JcbMrtn35@gmail.com,Logan Clark,"United States, Kentucky, Independence, Franklin St, 99, 18417",2022-04-09,USPS,ShopPay
560,lxndrLpz85@gmail.com,Emma Garcia,"United States, Nevada, Enterprise, Main St, 65, 24075",2022-04-11,FedEx,ShopPay
561,MdsnClrk51@gmail.com,Mason Robinson,"United States, Maryland, Germantown, Jefferson St, 65, 59678",2022-04-12,Air Cargo,ShopPay
562,sbllSmt06@gmail.com,Oliver Brown,"United States, Georgia, Atlanta, Cedar St, 113, 62903",2022-04-13,Air Cargo,Klarna
563,SfSncz28@gmail.com,Sophia Miller,"United States, Mississippi, Starkville, W Main St, 48, 13043",2022-04-26,Greyhound Package Express,Klarna
564,vRdrgz19@gmail.com,Sophia Wilson,"United States, Nevada, Summerlin South, Lakeview Dr, 15, 01904",2022-04-27,Greyhound Package Express,Klarna
565,rnLynnTms61@gmail.com,Sofia Sanchez,"United States, Hawaii, East Honolulu, Chestnut St, 127, 56437",2022-04-30,Amtrak Express Shipping,ShopPay
566,sbllndrsn30@gmail.com,Harper Miller,"United States, Colorado, Aurora, Washington Ave, 57, 44719",2022-05-04,USPS,ShopPay
567,CrlttMllr37@gmail.com,Dor Robinson,"United States, Kentucky, Lexington, Elm St, 83, 15179",2022-05-08,Regional Carriers,ShopPay
568,SpMr23@gmail.com,Evelyn Moore,"United States, Arizona, Surprise, Short St, 127, 70445",2022-05-10,DHL,ShopPay
569,GfnJsprnndz85@gmail.com,Emma Clark,"United States, Alaska, Fairbanks, East St, 117, 74112",2022-05-24,DHL,Klarna
570,CrlttLMzr65@gmail.com,Avery Garcia,"United States, Massachusetts, Lynn, 4th Ave, 99, 48886",2022-06-01,FedEx,ShopPay
571,rnLynnTms61@gmail.com,Alexander Geva,"United States, Arkansas, Springdale, Cherry St, 38, 71783",2022-06-03,UPS,ShopPay
572,bglLpz47@gmail.com,Ofek Hernandez,"United States, Maryland, Gaithersburg, Maple St, 75, 27513",2022-06-04,DHL,ShopPay
573,fkWzmn92@gmail.com,Mason Charles Katz,"United States, Kansas, Leawood, W Main St, 124, 38625",2022-06-04,Regional Carriers,ShopPay
574,fkGnzlz86@gmail.com,Evelyn Geva,"United States, Florida, North Port, W Main St, 5, 61621",2022-06-07,Greyhound Package Express,ShopPay
575,vLvy99@gmail.com,Ofek Lopez,"United States, Iowa, Dubuque, 6th St, 6, 55502",2022-06-13,UPS,ShopPay
576,JcbRbnsn08@gmail.com,Jackson Davis,"United States, New Jersey, Jersey City, 6th St, 106, 58668",2022-07-01,Greyhound Package Express,Klarna
577,rnRbnsn58@gmail.com,Abigail Levy,"United States, Delaware, Claymont, 10th St, 75, 36167",2022-07-01,Air Cargo,Klarna
578,MdsnGv61@gmail.com,Madison Weizman,"United States, Massachusetts, Cambridge, Washington Ave, 19, 64189",2022-07-02,Freight Shipping,Klarna
579,JcbLpz44@gmail.com,Harper Vigdorovitch,"United States, Michigan, Flint, Vine St, 122, 87241",2022-07-05,Freight Shipping,ShopPay
580,BnjmnLL86@gmail.com,Tom Williams,"United States, Kentucky, Frankfort, 3rd Ave, 60, 59391",2022-07-07,Regional Carriers,ShopPay
581,LcsRmrz24@gmail.com,Madison Rodriguez,"United States, Kansas, Wichita, West St, 122, 94358",2022-07-11,Amtrak Express Shipping,ShopPay
582,MdsnRdrgz93@gmail.com,Julie Elizabeth Levy,"United States, Alaska, Gateway, Park Ave, 12, 71417",2022-07-18,Regional Carriers,ShopPay
583,CrlttMrSncz90@gmail.com,Lucas Ramirez,"United States, Montana, Anaconda-Deer Lodge County, Cedar Ln, 85, 13844",2022-07-30,Amazon Prime Shipping,ShopPay
584,dnJcksn17@gmail.com,Lucas Brown,"United States, Florida, Daytona Beach, Ash St, 72, 36984",2022-08-01,Amazon Prime Shipping,ShopPay
585,CrlttLMzr65@gmail.com,Sophia Ramirez,"United States, Nebraska, South Sioux City, Park St, 60, 49201",2022-08-05,DHL,Klarna
586,SfKtz57@gmail.com,Tom Mizrahi,"United States, Alabama, Florence, Woodland Dr, 17, 81776",2022-08-06,Air Cargo,ShopPay
587,mlyTms97@gmail.com,Evelyn Moore,"United States, Maryland, Dundalk, Park Ave, 120, 82370",2022-08-11,Click & Collect,ShopPay
588,vJmsJnsn97@gmail.com,Madison Ann Wilson,"United States, Iowa, Cedar Falls, 3rd Ave, 80, 50312",2022-08-11,Regional Carriers,ShopPay
589,vlynDnlv10@gmail.com,Dror Dahan,"United States, Colorado, Castle Rock, Highland Ave, 14, 63557",2022-08-12,Freight Shipping,ShopPay
590,MdsnRdrgz93@gmail.com,Sophia Martin,"United States, Alabama, Vestavia Hills, Maple Ave, 56, 95603",2022-08-13,FedEx,ShopPay
591,MdsnRdrgz93@gmail.com,Abigail Vigdorovitch,"United States, Nevada, Paradise, Maple Ave, 117, 24716",2022-08-13,Air Cargo,Klarna
592,NDvs84@gmail.com,Aiden Levy,"United States, Maine, Presque Isle, Washington St, 56, 19175",2022-08-22,Air Cargo,Klarna
593,MdsnGnzlz86@gmail.com,Olivia Thomas,"United States, Alaska, Badger, Locust St, 98, 78775",2022-08-24,USPS,Klarna
594,CrlttLMzr65@gmail.com,Dor Brown,"United States, Minnesota, Plymouth, Willow St, 55, 08504",2022-08-24,Air Cargo,ShopPay
595,JlWlsn27@gmail.com,Emma Anderson,"United States, Florida, North Port, Spring St, 65, 70037",2022-08-26,UPS,ShopPay
596,JlWlsn27@gmail.com,Dor Friedman,"United States, Georgia, Johns Creek, Cedar St, 131, 34467",2022-09-01,Amtrak Express Shipping,ShopPay
597,vCrlsPrz33@gmail.com,Mason Lewis,"United States, Georgia, Atlanta, Adams St, 109, 12937",2022-09-06,Regional Carriers,ShopPay
598,bglBrwn76@gmail.com,Oliver Anderson,"United States, Georgia, Augusta, Water St, 118, 09548",2022-09-15,DHL,ShopPay
599,JcksnDvs14@gmail.com,Madison Rodriguez,"United States, Delaware, Milford, Maple St, 50, 40223",2022-09-26,Freight Shipping,Klarna
600,lvrClrk63@gmail.com,Sofia Katz,"United States, Idaho, Rexburg, Water St, 129, 01685",2022-09-28,USPS,ShopPay
601,CrlttLMzr65@gmail.com,Abigail Gonzalez,"United States, Massachusetts, Framingham, South St, 85, 48477",2022-10-09,Greyhound Package Express,ShopPay
602,mmTms86@gmail.com,Harper Vigdorovitch,"United States, Georgia, Athens, North St, 39, 32871",2022-10-12,Greyhound Package Express,Klarna
603,GfnGrc95@gmail.com,Elijah Hernandez,"United States, Nevada, Pahrump, S Main St, 110, 64040",2022-10-14,Greyhound Package Express,ShopPay
604,MdsnTylr13@gmail.com,Sophia Robinson,"United States, New Jersey, Elizabeth, Ridge Rd, 106, 72886",2022-10-15,Amtrak Express Shipping,ShopPay
605,tnCn30@gmail.com,Mason Vigdorovitch,"United States, Arizona, Surprise, Jackson St, 136, 23289",2022-10-26,UPS,Klarna
606,vryBrwn79@gmail.com,Alexander Lopez,"United States, Montana, Missoula, High St, 101, 77054",2022-11-05,Amazon Prime Shipping,ShopPay
607,rnRbnsn58@gmail.com,Sofia Katz,"United States, Maryland, Gaithersburg, Maple St, 75, 27513",2022-11-05,Air Cargo,ShopPay
608,dnrnndz63@gmail.com,Dor Smith,"United States, Arizona, Yuma, Circle Dr, 49, 10507",2022-11-09,UPS,Klarna
609,TmDn06@gmail.com,Julie Johnson,"United States, Georgia, Augusta, Water St, 118, 09548",2022-11-17,USPS,ShopPay
610,lvrSncz91@gmail.com,Alexander Geva,"United States, New Jersey, East Orange, 2nd St, 86, 45642",2022-11-20,Regional Carriers,ShopPay
611,LmFrdmn42@gmail.com,Noah Davis,"United States, Connecticut, Stratford, Railroad St, 60, 69376",2022-11-25,Greyhound Package Express,ShopPay
612,vryRsMrtnz06@gmail.com,Dor Lopez,"United States, Massachusetts, Cambridge, 2nd Ave, 107, 40299",2022-11-27,Amazon Prime Shipping,ShopPay
613,MdsnTms95@gmail.com,Tom Jones,"United States, Alaska, Palmer, Short St, 63, 58244",2022-11-28,DHL,Klarna
614,rprWlsn19@gmail.com,Ofek Moore,"United States, New Hampshire, Portsmouth, Highland Ave, 132, 20694",2022-12-01,Amazon Prime Shipping,ShopPay
615,MdsnDnlv57@gmail.com,Emily Marie Katz,"United States, Georgia, Augusta, Park Ave, 133, 94302",2022-12-07,USPS,ShopPay
616,bglBrwn76@gmail.com,Lucas Geva,"United States, Alaska, Gateway, Meadow Ln, 31, 57232",2022-12-09,Click & Collect,Klarna
617,vlynLvy73@gmail.com,Liam Taylor,"United States, Hawaii, Ewa Gentry, East St, 11, 80930",2022-12-24,Air Cargo,ShopPay
618,bglGnzlz62@gmail.com,Abigail Friedman,"United States, Louisiana, Central, Franklin St, 63, 15940",2022-12-29,DHL,ShopPay
619,MdsnClrk51@gmail.com,Dor Friedman,"United States, Maryland, Bethesda, Front St, 76, 02063",2023-01-04,DHL,ShopPay
620,rnJcksn25@gmail.com,Gefen Garcia,"United States, Michigan, Grand Rapids, Park Ave, 10, 14922",2023-01-04,Air Cargo,ShopPay
621,JlL94@gmail.com,Jackson Davis,"United States, Georgia, Augusta, Park Ave, 133, 94302",2023-01-07,Air Cargo,ShopPay
622,vryBrwn79@gmail.com,Isabella Harris,"United States, Delaware, Glasgow, Willow St, 71, 33484",2023-01-13,USPS,Klarna
623,LcsGv65@gmail.com,Emily Gonzalez,"United States, Colorado, Fort Collins, Ridge Rd, 30, 73401",2023-01-20,Click & Collect,Klarna
624,frMrtn34@gmail.com,Lucas Rose Gonzalez,"United States, Georgia, Augusta, Park Ave, 133, 94302",2023-02-04,FedEx,ShopPay
625,BnjmnMrtn23@gmail.com,Amelia Friedman,"United States, Alaska, Gateway, Woodland Dr, 123, 50907",2023-02-05,Freight Shipping,Klarna
626,ljL14@gmail.com,Sophia Miller,"United States, Missouri, St. Joseph, Oak St, 37, 64100",2023-02-11,Amtrak Express Shipping,ShopPay
627,JcksnMllr62@gmail.com,Emma Clark,"United States, Illinois, Elgin, Walnut St, 111, 13209",2023-02-14,UPS,Klarna
628,vCrlsPrz33@gmail.com,Avery Rose Martinez,"United States, Alabama, Birmingham, Water St, 3, 56499",2023-02-20,Amtrak Express Shipping,ShopPay
629,LcsRmrz24@gmail.com,Dor Ann Gonzalez,"United States, Maine, Augusta, Park St, 114, 46120",2023-02-22,DHL,Klarna
630,lxndrBrwn62@gmail.com,Evelyn Lewis,"United States, Georgia, Valdosta, 4th St, 69, 11197",2023-03-08,DHL,Klarna
631,TmWllms70@gmail.com,Gefen Garcia,"United States, Kansas, Wichita, West St, 122, 94358",2023-03-08,UPS,ShopPay
632,sbllSmt06@gmail.com,Ethan Cohen,"United States, Nebraska, South Sioux City, Park St, 60, 49201",2023-03-13,FedEx,Klarna
633,vRdrgz19@gmail.com,Julie Wilson,"United States, Connecticut, Bristol, Ash St, 83, 17249",2023-03-14,Amtrak Express Shipping,ShopPay
634,bglTmpsn26@gmail.com,Jacob Johnson,"United States, Arizona, Avondale, Main St, 19, 46783",2023-03-14,DHL,Klarna
635,sbllSmt06@gmail.com,Jacob Williams,"United States, Delaware, Claymont, 10th St, 75, 36167",2023-03-15,USPS,ShopPay
636,BnjmnJnSmt46@gmail.com,Oliver Elizabeth Lee,"United States, New Jersey, East Orange, 2nd St, 86, 45642",2023-03-15,Freight Shipping,ShopPay
637,LcsGrcDn10@gmail.com,Avery Garcia,"United States, Arizona, Gilbert, County Line Rd, 19, 89971",2023-03-15,DHL,ShopPay
638,LcsRmrz24@gmail.com,James Smith,"United States, Maryland, Glen Burnie, East St, 126, 33300",2023-03-15,Amtrak Express Shipping,ShopPay
639,vJmsJnsn97@gmail.com,Ofek Gonzalez,"United States, Michigan, Farmington Hills, Jefferson St, 31, 27554",2023-03-20,DHL,ShopPay
640,JcbMrtn35@gmail.com,Julie Wilson,"United States, New Hampshire, Portsmouth, Highland Ave, 132, 20694",2023-04-07,Freight Shipping,ShopPay
641,LgnGrc54@gmail.com,Elijah Mizrahi,"United States, Alabama, Madison, Park Ave, 43, 12464",2023-04-09,Amazon Prime Shipping,ShopPay
642,rnJcksn25@gmail.com,Jackson Miller,"United States, Alaska, Palmer, Short St, 63, 58244",2023-04-10,Amazon Prime Shipping,ShopPay
643,bglLpz47@gmail.com,Dor Ann Gonzalez,"United States, Michigan, Ann Arbor, Maple Ave, 86, 07302",2023-04-11,DHL,Klarna
644,DrBrwn14@gmail.com,Abigail Levy,"United States, Nebraska, Norfolk, Oak St, 46, 58728",2023-04-22,USPS,ShopPay
645,MJcksn46@gmail.com,Ethan Moore,"United States, Florida, North Port, W Main St, 5, 61621",2023-04-24,Air Cargo,ShopPay
646,JcksnMllr62@gmail.com,James Smith,"United States, Colorado, Castle Rock, Highland Ave, 14, 63557",2023-05-03,FedEx,ShopPay
647,SpWlsn43@gmail.com,Liam Taylor,"United States, New Jersey, Passaic, Main St, 112, 25393",2023-05-26,Amazon Prime Shipping,ShopPay
648,JcksnBrwn20@gmail.com,Emma Dahan,"United States, New Jersey, Vineland, Jackson St, 54, 91463",2023-06-04,Freight Shipping,ShopPay
649,BnjmnJns87@gmail.com,Mason Vigdorovitch,"United States, Hawaii, East Honolulu, Chestnut St, 127, 56437",2023-06-05,Regional Carriers,ShopPay
650,fkrnndz51@gmail.com,Ori Thomas,"United States, Alabama, Madison, 3rd St, 101, 99651",2023-06-12,Amtrak Express Shipping,ShopPay
651,TmMrtnz56@gmail.com,Jackson Davis,"United States, Kansas, Dodge City, Main St, 13, 92010",2023-06-19,Amtrak Express Shipping,ShopPay
652,lvrLynnJns92@gmail.com,Emma Garcia,"United States, Delaware, Brookside, East St, 46, 00458",2023-06-24,FedEx,ShopPay
653,fkrnndz51@gmail.com,Logan Levy,"United States, Louisiana, Shreveport, School St, 59, 53930",2023-06-24,Greyhound Package Express,ShopPay
654,GfnRbnsn30@gmail.com,Dor Ann Gonzalez,"United States, Montana, Helena, County Line Rd, 63, 37478",2023-07-01,Greyhound Package Express,Klarna
655,frrnndz34@gmail.com,Dror Danilov,"United States, Colorado, Highlands Ranch, Shady Ln, 87, 19571",2023-07-03,USPS,ShopPay
656,bglKtz55@gmail.com,Oliver Elizabeth Lee,"United States, Missouri, St. Joseph, Meadow Ln, 77, 28973",2023-07-03,Regional Carriers,Klarna
657,MclJns87@gmail.com,Ava Johnson,"United States, Nevada, Sun Valley, Woodland Dr, 75, 68664",2023-08-17,Air Cargo,Klarna
658,JcbRbnsn08@gmail.com,Harper Johnson,"United States, Arizona, Avondale, Main St, 19, 46783",2023-08-19,UPS,ShopPay
659,vryBrwn79@gmail.com,Julie Rodriguez,"United States, New Hampshire, Portsmouth, E Main St, 89, 48856",2023-08-21,UPS,Klarna
660,BnjmnMrtn23@gmail.com,Madison Cohen,"United States, Georgia, Albany, North St, 109, 67308",2023-08-25,FedEx,ShopPay
661,TmMrtnz56@gmail.com,Isabella Harris,"United States, Missouri, Florissant, Shady Ln, 73, 83983",2023-09-01,Air Cargo,Klarna
662,vryBrwn79@gmail.com,Emma Hernandez,"United States, Arizona, Scottsdale, Woodland Dr, 119, 87074",2023-09-09,Regional Carriers,ShopPay
663,vRdrgz19@gmail.com,Oliver Lynn Jones,"United States, Maine, Auburn, Meadow Ln, 14, 05389",2023-09-15,Regional Carriers,ShopPay
664,MclGnzlz35@gmail.com,Aiden Jones,"United States, Arizona, Scottsdale, Woodland Dr, 119, 87074",2023-09-18,Freight Shipping,ShopPay
665,mlJns10@gmail.com,Harper Charles Friedman,"United States, Indiana, Muncie, 6th St, 61, 86658",2023-09-23,Click & Collect,ShopPay
666,MdsnTms95@gmail.com,Mason Charles Katz,"United States, Hawaii, Ewa Gentry, East St, 11, 80930",2023-09-27,Amazon Prime Shipping,ShopPay
667,MclGnzlz35@gmail.com,Mason Vigdorovitch,"United States, Connecticut, Milford city, Highland Ave, 20, 43584",2023-10-03,UPS,ShopPay
668,dnLvy66@gmail.com,Harper Johnson,"United States, Nevada, Enterprise, Main St, 65, 24075",2023-10-05,Greyhound Package Express,ShopPay
669,JcbLpz44@gmail.com,Alexander Lopez,"United States, Alabama, Birmingham, Water St, 3, 56499",2023-10-06,USPS,ShopPay
670,TmWllms70@gmail.com,Alexander Harris,"United States, Massachusetts, Framingham, South St, 85, 48477",2023-10-12,Amtrak Express Shipping,Klarna
671,mlyGv17@gmail.com,James Geva,"United States, Maryland, Dundalk, Sunset Dr, 17, 44705",2023-10-13,USPS,ShopPay
672,tnCn30@gmail.com,James Weizman,"United States, Maryland, Dundalk, Sunset Dr, 17, 44705",2023-10-14,Amtrak Express Shipping,Klarna
673,GfnRbnsn30@gmail.com,Dor Smith,"United States, Nevada, Enterprise, Water St, 84, 11321",2023-10-17,Greyhound Package Express,ShopPay
674,MdsnDnlv57@gmail.com,Emma Geva,"United States, Georgia, Marietta, West St, 49, 48384",2023-10-23,Freight Shipping,Klarna
675,Crlttndrsn38@gmail.com,Oren Smith,"United States, Nevada, Sun Valley, Woodland Dr, 75, 68664",2023-10-23,Regional Carriers,ShopPay
676,JcbMrtn31@gmail.com,Abigail Levy,"United States, Delaware, Smyrna, North St, 63, 30044",2023-11-01,Regional Carriers,ShopPay
677,LgnBrwn08@gmail.com,Evelyn Rodriguez,"United States, Indiana, Fishers, 5th St, 24, 53605",2023-11-04,Amtrak Express Shipping,ShopPay
678,SpWlsn43@gmail.com,Evelyn Geva,"United States, Georgia, Marietta, Highland Ave, 99, 87583",2023-11-08,UPS,Klarna
679,CrlttGv73@gmail.com,Mia Jackson,"United States, Louisiana, Houma, Short St, 72, 26159",2023-11-25,Amazon Prime Shipping,ShopPay
680,JcksnBrwn20@gmail.com,Ofek Cohen,"United States, Maryland, Dundalk, Sunset Dr, 17, 44705",2023-11-25,Regional Carriers,ShopPay
681,BnjmnJnSmt46@gmail.com,Harper Miller,"United States, Maryland, Gaithersburg, Maple St, 75, 27513",2023-11-27,Greyhound Package Express,ShopPay
682,SfRdrgz27@gmail.com,Mason Vigdorovitch,"United States, Connecticut, Meriden, Airport Rd, 55, 07315",2023-11-30,Regional Carriers,Klarna
683,rnRbnsn58@gmail.com,Dor Thomas,"United States, Arizona, Yuma, Railroad St, 52, 49595",2023-12-04,Greyhound Package Express,ShopPay
684,JcksnDvs14@gmail.com,Alexander Geva,"United States, Kentucky, Independence, Franklin St, 99, 18417",2023-12-06,Freight Shipping,ShopPay
685,dnrrs42@gmail.com,Julie Elizabeth Levy,"United States, Massachusetts, New Bedford, 4th St, 19, 26553",2023-12-09,Amtrak Express Shipping,Klarna
686,MdsnClrk51@gmail.com,Ethan Moore,"United States, California, Anaheim, Woodland Dr, 94, 24110",2023-12-19,Freight Shipping,ShopPay
687,MsnTms15@gmail.com,Dor Perez,"United States, Georgia, Augusta, Park Ave, 133, 94302",2023-12-20,FedEx,ShopPay
688,NKtz44@gmail.com,Abigail Brown,"United States, Alaska, Badger, Locust St, 98, 78775",2023-12-31,Amtrak Express Shipping,Klarna
689,LcsMllr69@gmail.com,Julie Moore,"United States, Alabama, Florence, Woodland Dr, 17, 81776",2024-01-06,Click & Collect,ShopPay
690,MsnLws31@gmail.com,Evelyn Ann Robinson,"United States, Alaska, Badger, County Line Rd, 94, 69512",2024-01-16,FedEx,ShopPay
691,LcsRmrz24@gmail.com,Oliver Anderson,"United States, Missouri, St. Charles, Park Ave, 84, 17088",2024-01-30,USPS,ShopPay
692,mmMzr49@gmail.com,Sophia Jones,"United States, Massachusetts, Cambridge, Willow St, 113, 41969",2024-02-05,Air Cargo,Klarna
693,LcsGrcDn10@gmail.com,Aiden Hernandez,"United States, New Jersey, Newark, Jackson St, 15, 87548",2024-02-08,Amtrak Express Shipping,ShopPay
694,SpJns96@gmail.com,Lucas Ramirez,"United States, Florida, Port St. Lucie, S Main St, 115, 07253",2024-02-13,DHL,ShopPay
695,JcksnDvs14@gmail.com,Oliver Clark,"United States, Arizona, Yuma, Railroad St, 52, 49595",2024-02-26,FedEx,Klarna
696,rnKtz16@gmail.com,Oliver Hernandez,"United States, Louisiana, Central, Franklin St, 63, 15940",2024-02-26,Amazon Prime Shipping,ShopPay
