Salad Ballad,1,Dragon Carrot,4
Salad Ballad,1,Jalapeno Pepper,1
Salad Ballad,1,Butterhead Lettuce,1
Salad Ballad,1,Beets,1
Salad Ballad,1,Borage,1
Mixed Medley,1,Baby Watermelon,1
Mixed Medley,1,Dragon Carrot,3
Mixed Medley,1,French Green Bean,2
Salad Ballad,2,Chives,4
Salad Ballad,2,Cucamelon,1
Salad Ballad,2,Dark Orange Marigold,1
Salad Ballad,2,Orange Calendula,1
Salad Ballad,2,Watermelon Radish,1
Huge Harvest,1,Nastrutium,1
Huge Harvest,1,Large Bell Pepper,1
Huge Harvest,1,Tangerine Gem Marigold,2
Salad Ballad,3,Fall Carrot,4
Salad Ballad,3,Deep Purple Carrot,1
Salad Ballad,3,Butterhead Lettuce,1
Salad Ballad,3,Cucamelon,1
Salad Ballad,3,Kale,1
Salad Ballad,4,Corn,5
Salad Ballad,4,Suger Snap Pea,1
Salad Ballad,4,Butterhead Lettuce,1
Salad Ballad,4,Salad Blend Lettuce,1
Huge Harvest,2,Husk Cherry,1
Huge Harvest,2,Nastrutium,1
Huge Harvest,2,Eggplant,2
Huge Harvest,3,Large Bell Pepper,1
Huge Harvest,3,Yellow Squash,1
Huge Harvest,3,French Green Bean,1
Huge Harvest,3,Kale,1
Mixed Medley,2,Cantaloupe,1
Mixed Medley,2,Spinach,2
Mixed Medley,2,Spring Carrot,2
Mixed Medley,2,Cayenne Pepper,1
Mixed Medley,3,Large Bell Pepper,1
Mixed Medley,3,Cilantro,2
Mixed Medley,3,Mustard,1
Mixed Medley,3,Butterhead Lettuce,2
Huge Harvest,4,Cauliflower,2
Huge Harvest,4,Shishito Pepper,2
Huge Harvest,5,Sun Gold Cherry Tomato,2
Huge Harvest,5,Borage,2
Mixed Medley,4,Zucchini,1
Mixed Medley,4,Jalapeno Pepper,3
Mixed Medley,4,Shishito Pepper,2
Mixed Medley,5,Large Bell Pepper,1
Mixed Medley,5,Fennel,2
Mixed Medley,5,Provider Bush Bean,1
Mixed Medley,5,French Breakfast Radish,1
Mixed Medley,5,Golden Sunflower,1
Salad Ballad,5,Chives,5
Salad Ballad,5,Scallions,1
Salad Ballad,5,Rainbow Chard,1
Salad Ballad,5,Golden Sunflower,1
Salad Ballad,6,Butterhead Lettuce,5
Salad Ballad,6,Fall Carrot,1
Salad Ballad,6,Fennel,1
Salad Ballad,6,Spinach,1
Mixed Medley,6,Cucumber,1
Mixed Medley,6,Borage,3
Mixed Medley,6,Provider Bush Bean,2
Salad Ballad,7,Eggplant,4
Salad Ballad,7,Buzz Buttons,1
Salad Ballad,7,Fennel,1
Salad Ballad,7,Cayenne Pepper,1
Salad Ballad,7,Giant Purple Zinnia,1
Salad Ballad,8,Provider Bush Bean,3
Salad Ballad,8,Suger Snap Pea,1
Salad Ballad,8,Rainbow Chard,1
Salad Ballad,8,Deep Purple Carrot,1
Salad Ballad,8,Thyme,1
Salad Ballad,8,Kale,1
Mixed Medley,7,Tomatillo,1
Mixed Medley,7,Basil,3
Mixed Medley,7,French Green Bean,2
Huge Harvest,6,Glacier Tomato,2
Huge Harvest,6,Sage,2
Salad Ballad,9,Cayenne Pepper,3
Salad Ballad,9,Salad Blend Lettuce,2
Salad Ballad,9,Basil,1
Salad Ballad,9,Eggplant,1
Salad Ballad,9,Dragon Carrot,1
Huge Harvest,7,Zucchini,2
Huge Harvest,7,Salad Blend Lettuce,2
Salad Ballad,10,Fennel,3
Salad Ballad,10,Dragon Bean,1
Salad Ballad,10,French Breakfast Radish,1
Salad Ballad,10,Beets,1
Salad Ballad,10,Basil,1
Salad Ballad,10,Orange Calendula,1
Huge Harvest,8,Broccoli,2
Huge Harvest,8,Dill,2
Mixed Medley,8,Glacier Tomato,1
Mixed Medley,8,Cayenne Pepper,3
Mixed Medley,8,Basil,2
Salad Ballad,11,Giant Purple Zinnia,3
Salad Ballad,11,Chives,1
Salad Ballad,11,Eggplant,1
Salad Ballad,11,Fall Carrot,1
Salad Ballad,11,Parsley,1
Salad Ballad,11,French Green Bean,1
Mixed Medley,9,Tomatillo,1
Mixed Medley,9,Strawberry Blonde Sunflower,2
Mixed Medley,9,Dark Orange Marigold,1
Mixed Medley,9,Giant Purple Zinnia,2
Salad Ballad,12,French Breakfast Radish,3
Salad Ballad,12,Dragon Carrot,1
Salad Ballad,12,Watermelon Radish,1
Salad Ballad,12,Golden Sunflower,2
Salad Ballad,12,Giant Purple Zinnia,1
Salad Ballad,13,Rainbow Chard,4
Salad Ballad,13,Orange Calendula,1
Salad Ballad,13,Chives,1
Salad Ballad,13,Thyme,1
Salad Ballad,13,Butterhead Lettuce,1
Huge Harvest,9,Spaghetti Squash,1
Huge Harvest,9,Tomatillo,1
Huge Harvest,9,Borage,2
Mixed Medley,10,Spaghetti Squash,1
Mixed Medley,10,Edamame,3
Mixed Medley,10,Dragon Carrot,2
Salad Ballad,14,Borage,4
Salad Ballad,14,Spinach,2
Salad Ballad,14,Parsley,2
Salad Ballad,15,Jalapeno Pepper,4
Salad Ballad,15,Provider Bush Bean,1
Salad Ballad,15,Basil,1
Salad Ballad,15,Broccolini,1
Salad Ballad,15,Fennel,1
Huge Harvest,10,Husk Cherry,2
Huge Harvest,10,French Green Bean,2
Huge Harvest,11,Baby Watermelon,2
Huge Harvest,11,Dragon Carrot,1
Huge Harvest,11,Rainbow Chard,1
Salad Ballad,16,Scallions,3
Salad Ballad,16,Arugula,1
Salad Ballad,16,Golden Sunflower,1
Salad Ballad,16,Rainbow Chard,1
Salad Ballad,16,Mustard,1
Salad Ballad,16,Butterhead Lettuce,1
Salad Ballad,17,Provider Bush Bean,4
Salad Ballad,17,Jalapeno Pepper,1
Salad Ballad,17,Butterhead Lettuce,1
Salad Ballad,17,Edamame,1
Salad Ballad,17,Basil,1
Huge Harvest,12,Heirloom Medium Red Tomato,2
Huge Harvest,12,Cilantro,2
Salad Ballad,18,Beets,3
Salad Ballad,18,Golden Sunflower,2
Salad Ballad,18,French Breakfast Radish,1
Salad Ballad,18,Shishito Pepper,2
Mixed Medley,11,Cauliflower,1
Mixed Medley,11,Provider Bush Bean,2
Mixed Medley,11,Basil,1
Mixed Medley,11,Dill,2
Salad Ballad,19,Corn,3
Salad Ballad,19,Chives,3
Salad Ballad,19,Orange Calendula,2
Huge Harvest,13,Racer Pumpkin,1
Huge Harvest,13,Tomatillo,1
Huge Harvest,13,Salad Blend Lettuce,2
Mixed Medley,12,Cantaloupe,1
Mixed Medley,12,Fennel,2
Mixed Medley,12,Rainbow Chard,1
Mixed Medley,12,Parsley,2
Huge Harvest,14,Broccoli,2
Huge Harvest,14,Beets,2
Mixed Medley,13,Yellow Squash,1
Mixed Medley,13,Scallions,5
Salad Ballad,20,Dark Orange Marigold,3
Salad Ballad,20,Dragon Carrot,1
Salad Ballad,20,Beets,2
Salad Ballad,20,Tangerine Gem Marigold,1
Salad Ballad,20,Orange Calendula,1
Huge Harvest,15,Racer Pumpkin,2
Huge Harvest,15,Giant Purple Zinnia,2
Huge Harvest,16,Baby Watermelon,2
Huge Harvest,16,Watermelon Radish,1
Huge Harvest,16,Dragon Bean,1
Huge Harvest,17,Glacier Tomato,2
Huge Harvest,17,Buzz Buttons,2
Salad Ballad,21,Dragon Bean,3
Salad Ballad,21,Borage,1
Salad Ballad,21,Cilantro,1
Salad Ballad,21,Scallions,3
Mixed Medley,14,Cauliflower,1
Mixed Medley,14,Tangerine Gem Marigold,5
Huge Harvest,18,Nastrutium,2
Huge Harvest,18,Watermelon Radish,2
Huge Harvest,19,Cauliflower,1
Huge Harvest,19,Baby Watermelon,1
Huge Harvest,19,Tangerine Gem Marigold,1
Huge Harvest,19,Giant Purple Zinnia,1
Huge Harvest,20,Racer Pumpkin,2
Huge Harvest,20,Butterhead Lettuce,2
Mixed Medley,15,Racer Pumpkin,1
Mixed Medley,15,Beets,4
Mixed Medley,15,Scallions,1
Mixed Medley,16,Tomatillo,1
Mixed Medley,16,Dark Orange Marigold,2
Mixed Medley,16,Chives,3
Mixed Medley,17,Mini Sweet Pepper,1
Mixed Medley,17,Spring Carrot,2
Mixed Medley,17,Dragon Carrot,1
Mixed Medley,17,Edamame,2
Mixed Medley,18,Tomatillo,1
Mixed Medley,18,Shishito Pepper,5
Mixed Medley,19,Racer Pumpkin,1
Mixed Medley,19,Fall Carrot,4
Mixed Medley,19,Sage,1
Huge Harvest,21,Sun Gold Cherry Tomato,2
Huge Harvest,21,Suger Snap Pea,2
Mixed Medley,20,Cantaloupe,1
Mixed Medley,20,Strawberry Blonde Sunflower,5
Huge Harvest,22,Husk Cherry,2
Huge Harvest,22,Arugula,1
Huge Harvest,22,Salad Blend Lettuce,1
Huge Harvest,23,Large Bell Pepper,2
Huge Harvest,23,Broccolini,2
Huge Harvest,24,Yellow Squash,2
Huge Harvest,24,Watermelon Radish,1
Huge Harvest,24,Spring Carrot,1
Huge Harvest,25,Mini Sweet Pepper,2
Huge Harvest,25,Fennel,1
Huge Harvest,25,Cucamelon,1
Mixed Medley,21,Nastrutium,1
Mixed Medley,21,Giant Purple Zinnia,5
Salad Ballad,22,Dark Orange Marigold,5
Salad Ballad,22,Strawberry Blonde Sunflower,1
Salad Ballad,22,Sage,2
Salad Ballad,23,French Breakfast Radish,2
Salad Ballad,23,Edamame,2
Salad Ballad,23,Chives,2
Salad Ballad,23,Arugula,2
Huge Harvest,26,Racer Pumpkin,2
Huge Harvest,26,Salad Blend Lettuce,2
Huge Harvest,27,Cucumber,1
Huge Harvest,27,Cantaloupe,1
Huge Harvest,27,Shishito Pepper,1
Huge Harvest,27,Spring Carrot,1
Huge Harvest,28,Tomatillo,2
Huge Harvest,28,Butterhead Lettuce,2
Salad Ballad,24,Basil,3
Salad Ballad,24,Chives,1
Salad Ballad,24,Corn,1
Salad Ballad,24,Watermelon Radish,1
Salad Ballad,24,Suger Snap Pea,2
Salad Ballad,25,Cilantro,5
Salad Ballad,25,Edamame,1
Salad Ballad,25,Dragon Carrot,1
Salad Ballad,25,Cucamelon,1
Salad Ballad,26,Dark Orange Marigold,2
Salad Ballad,26,Deep Purple Carrot,1
Salad Ballad,26,Basil,1
Salad Ballad,26,Strawberry Blonde Sunflower,1
Salad Ballad,26,Jalapeno Pepper,2
Salad Ballad,26,Cucamelon,1
Mixed Medley,22,Baby Watermelon,1
Mixed Medley,22,Suger Snap Pea,5
Salad Ballad,27,Parsley,3
Salad Ballad,27,Dill,1
Salad Ballad,27,Fall Carrot,2
Salad Ballad,27,Kale,1
Salad Ballad,27,Butterhead Lettuce,1
Huge Harvest,29,Heirloom Medium Red Tomato,2
Huge Harvest,29,Arugula,2
Mixed Medley,23,Racer Pumpkin,1
Mixed Medley,23,Broccolini,5
Huge Harvest,30,Large Bell Pepper,2
Huge Harvest,30,Strawberry Blonde Sunflower,2
Salad Ballad,28,Deep Purple Carrot,5
Salad Ballad,28,Dill,1
Salad Ballad,28,Thyme,1
Salad Ballad,28,Tangerine Gem Marigold,1
Salad Ballad,29,Golden Sunflower,3
Salad Ballad,29,Rainbow Chard,1
Salad Ballad,29,Edamame,2
Salad Ballad,29,Mustard,2
Mixed Medley,24,Lemon Cucumber,1
Mixed Medley,24,Butterhead Lettuce,2
Mixed Medley,24,Salad Blend Lettuce,1
Mixed Medley,24,Dark Orange Marigold,2
Mixed Medley,25,Cauliflower,1
Mixed Medley,25,Sage,5
Huge Harvest,31,Husk Cherry,2
Huge Harvest,31,Golden Sunflower,2
Mixed Medley,26,Yellow Squash,1
Mixed Medley,26,Golden Sunflower,5
Salad Ballad,30,Scallions,5
Salad Ballad,30,Fennel,2
Salad Ballad,30,French Breakfast Radish,1
Huge Harvest,32,Nastrutium,2
Huge Harvest,32,Basil,2
Mixed Medley,27,Broccoli,1
Mixed Medley,27,Cayenne Pepper,4
Mixed Medley,27,Parsley,1
Salad Ballad,31,Cayenne Pepper,5
Salad Ballad,31,Cilantro,2
Salad Ballad,31,Spring Carrot,1
Mixed Medley,28,Glacier Tomato,1
Mixed Medley,28,Cucamelon,2
Mixed Medley,28,French Breakfast Radish,2
Mixed Medley,28,Mustard,1
Salad Ballad,32,Thyme,2
Salad Ballad,32,Broccolini,1
Salad Ballad,32,Cucamelon,1
Salad Ballad,32,Giant Purple Zinnia,2
Salad Ballad,32,Deep Purple Carrot,2
Mixed Medley,29,Cantaloupe,1
Mixed Medley,29,Edamame,3
Mixed Medley,29,Buzz Buttons,2
Huge Harvest,33,Heirloom Medium Red Tomato,2
Huge Harvest,33,Dragon Bean,2
Huge Harvest,34,Spaghetti Squash,2
Huge Harvest,34,Kale,2
Mixed Medley,30,Spaghetti Squash,1
Mixed Medley,30,Strawberry Blonde Sunflower,3
Mixed Medley,30,French Green Bean,2
Salad Ballad,33,Dragon Bean,4
Salad Ballad,33,Basil,1
Salad Ballad,33,Dark Orange Marigold,1
Salad Ballad,33,Spring Carrot,1
Salad Ballad,33,Beets,1
Huge Harvest,35,Racer Pumpkin,1
Huge Harvest,35,Glacier Tomato,1
Huge Harvest,35,Tangerine Gem Marigold,2
Salad Ballad,34,Cucamelon,4
Salad Ballad,34,Scallions,1
Salad Ballad,34,Giant Purple Zinnia,1
Salad Ballad,34,Broccolini,1
Salad Ballad,34,Dragon Bean,1
Huge Harvest,36,Broccoli,2
Huge Harvest,36,Cilantro,2
Huge Harvest,37,Sun Gold Cherry Tomato,2
Huge Harvest,37,Basil,2
Salad Ballad,35,Fall Carrot,6
Salad Ballad,35,Tangerine Gem Marigold,1
Salad Ballad,35,Sage,1
Salad Ballad,36,Shishito Pepper,3
Salad Ballad,36,Broccolini,1
Salad Ballad,36,Kale,2
Salad Ballad,36,Cayenne Pepper,2
Mixed Medley,31,Racer Pumpkin,1
Mixed Medley,31,Basil,3
Mixed Medley,31,Kale,1
Mixed Medley,31,Deep Purple Carrot,1
Salad Ballad,37,Arugula,5
Salad Ballad,37,Buzz Buttons,1
Salad Ballad,37,Borage,1
Salad Ballad,37,Spring Carrot,1
Salad Ballad,38,Giant Purple Zinnia,5
Salad Ballad,38,Chives,1
Salad Ballad,38,Watermelon Radish,1
Salad Ballad,38,Fennel,1
Mixed Medley,32,Racer Pumpkin,1
Mixed Medley,32,Chives,4
Mixed Medley,32,Eggplant,1
Mixed Medley,33,Lemon Cucumber,1
Mixed Medley,33,Basil,3
Mixed Medley,33,Parsley,2
Salad Ballad,39,Jalapeno Pepper,4
Salad Ballad,39,Provider Bush Bean,1
Salad Ballad,39,Beets,2
Salad Ballad,39,Dill,1
Salad Ballad,40,Rainbow Chard,4
Salad Ballad,40,Butterhead Lettuce,1
Salad Ballad,40,Strawberry Blonde Sunflower,1
Salad Ballad,40,Deep Purple Carrot,2
Huge Harvest,38,Yellow Squash,1
Huge Harvest,38,Spaghetti Squash,1
Huge Harvest,38,Sage,2
Mixed Medley,34,Spaghetti Squash,1
Mixed Medley,34,French Breakfast Radish,3
Mixed Medley,34,Fennel,1
Mixed Medley,34,Eggplant,1
Salad Ballad,41,Fennel,4
Salad Ballad,41,Thyme,2
Salad Ballad,41,Cucamelon,2
Mixed Medley,35,Racer Pumpkin,1
Mixed Medley,35,French Breakfast Radish,4
Mixed Medley,35,Butterhead Lettuce,1
Huge Harvest,39,Nastrutium,1
Huge Harvest,39,Sun Gold Cherry Tomato,1
Huge Harvest,39,Spinach,2
Mixed Medley,36,Spaghetti Squash,1
Mixed Medley,36,Fall Carrot,3
Mixed Medley,36,Rainbow Chard,1
Mixed Medley,36,Giant Purple Zinnia,1
Salad Ballad,42,Dragon Bean,5
Salad Ballad,42,Buzz Buttons,1
Salad Ballad,42,Rainbow Chard,1
Salad Ballad,42,Deep Purple Carrot,1
Huge Harvest,40,Zucchini,2
Huge Harvest,40,French Breakfast Radish,2
Salad Ballad,43,Butterhead Lettuce,3
Salad Ballad,43,Provider Bush Bean,1
Salad Ballad,43,Watermelon Radish,1
Salad Ballad,43,Basil,2
Salad Ballad,43,Edamame,1
Salad Ballad,44,Orange Calendula,3
Salad Ballad,44,Cayenne Pepper,1
Salad Ballad,44,Jalapeno Pepper,2
Salad Ballad,44,Shishito Pepper,2
Huge Harvest,41,Lemon Cucumber,1
Huge Harvest,41,Cauliflower,1
Huge Harvest,41,Spring Carrot,2
Salad Ballad,45,Mustard,5
Salad Ballad,45,Fall Carrot,1
Salad Ballad,45,Kale,1
Salad Ballad,45,Orange Calendula,1
Mixed Medley,37,Nastrutium,1
Mixed Medley,37,Tangerine Gem Marigold,2
Mixed Medley,37,Jalapeno Pepper,3
Huge Harvest,42,Large Bell Pepper,2
Huge Harvest,42,Suger Snap Pea,1
Huge Harvest,42,Watermelon Radish,1
Salad Ballad,46,Spinach,3
Salad Ballad,46,Watermelon Radish,1
Salad Ballad,46,Eggplant,1
Salad Ballad,46,Tangerine Gem Marigold,2
Salad Ballad,46,Strawberry Blonde Sunflower,1
Huge Harvest,43,Sun Gold Cherry Tomato,2
Huge Harvest,43,Dill,2
Mixed Medley,38,Husk Cherry,1
Mixed Medley,38,Borage,5
Salad Ballad,47,Edamame,3
Salad Ballad,47,Golden Sunflower,1
Salad Ballad,47,Giant Purple Zinnia,2
Salad Ballad,47,Chives,1
Salad Ballad,47,Dark Orange Marigold,1
Huge Harvest,44,Baby Watermelon,2
Huge Harvest,44,French Green Bean,2
Salad Ballad,48,Dill,3
Salad Ballad,48,Fall Carrot,2
Salad Ballad,48,Dark Orange Marigold,2
Salad Ballad,48,Spinach,1
Salad Ballad,49,Provider Bush Bean,3
Salad Ballad,49,French Green Bean,1
Salad Ballad,49,Kale,2
Salad Ballad,49,Buzz Buttons,1
Salad Ballad,49,Dragon Carrot,1
Salad Ballad,50,Suger Snap Pea,5
Salad Ballad,50,Watermelon Radish,1
Salad Ballad,50,Dark Orange Marigold,1
Salad Ballad,50,Shishito Pepper,1
Huge Harvest,45,Sun Gold Cherry Tomato,2
Huge Harvest,45,Dill,2
Huge Harvest,46,Racer Pumpkin,2
Huge Harvest,46,Shishito Pepper,2
Salad Ballad,51,Butterhead Lettuce,5
Salad Ballad,51,Parsley,1
Salad Ballad,51,French Breakfast Radish,1
Salad Ballad,51,Fall Carrot,1
Salad Ballad,52,Tangerine Gem Marigold,4
Salad Ballad,52,Cayenne Pepper,3
Salad Ballad,52,Jalapeno Pepper,1
Mixed Medley,39,Spaghetti Squash,1
Mixed Medley,39,Fall Carrot,5
Salad Ballad,53,Borage,4
Salad Ballad,53,Kale,1
Salad Ballad,53,French Green Bean,1
Salad Ballad,53,French Breakfast Radish,1
Salad Ballad,53,Dragon Bean,1
Huge Harvest,47,Zucchini,2
Huge Harvest,47,Dragon Carrot,2
Salad Ballad,54,Cilantro,3
Salad Ballad,54,Shishito Pepper,2
Salad Ballad,54,Provider Bush Bean,1
Salad Ballad,54,Corn,1
Salad Ballad,54,Parsley,1
Mixed Medley,40,Nastrutium,1
Mixed Medley,40,French Green Bean,4
Mixed Medley,40,Dill,1
Salad Ballad,55,Strawberry Blonde Sunflower,5
Salad Ballad,55,Provider Bush Bean,1
Salad Ballad,55,Thyme,1
Salad Ballad,55,Butterhead Lettuce,1
Salad Ballad,56,Cilantro,4
Salad Ballad,56,Provider Bush Bean,1
Salad Ballad,56,Giant Purple Zinnia,1
Salad Ballad,56,Orange Calendula,1
Salad Ballad,56,French Green Bean,1
Mixed Medley,41,Baby Watermelon,1
Mixed Medley,41,Rainbow Chard,3
Mixed Medley,41,Dragon Bean,1
Mixed Medley,41,Fall Carrot,1
Salad Ballad,57,Spring Carrot,5
Salad Ballad,57,Eggplant,1
Salad Ballad,57,Borage,2
Huge Harvest,48,Tomatillo,2
Huge Harvest,48,Dark Orange Marigold,1
Huge Harvest,48,Cucamelon,1
Huge Harvest,49,Cucumber,2
Huge Harvest,49,Cucamelon,2
Mixed Medley,42,Spaghetti Squash,1
Mixed Medley,42,Chives,3
Mixed Medley,42,Fennel,2
Huge Harvest,50,Tomatillo,2
Huge Harvest,50,Deep Purple Carrot,1
Huge Harvest,50,Thyme,1
Salad Ballad,58,Kale,3
Salad Ballad,58,Eggplant,1
Salad Ballad,58,Rainbow Chard,2
Salad Ballad,58,Dragon Bean,1
Salad Ballad,58,Cucamelon,1
Mixed Medley,43,Nastrutium,1
Mixed Medley,43,Beets,5
Huge Harvest,51,Yellow Squash,2
Huge Harvest,51,Cucamelon,2
Huge Harvest,52,Sun Gold Cherry Tomato,2
Huge Harvest,52,Salad Blend Lettuce,1
Huge Harvest,52,Scallions,1
Salad Ballad,59,Dragon Carrot,5
Salad Ballad,59,Buzz Buttons,1
Salad Ballad,59,Salad Blend Lettuce,1
Salad Ballad,59,Scallions,1
Mixed Medley,44,Sun Gold Cherry Tomato,1
Mixed Medley,44,Dill,3
Mixed Medley,44,Broccolini,2
Mixed Medley,45,Cucumber,1
Mixed Medley,45,Parsley,2
Mixed Medley,45,Fennel,1
Mixed Medley,45,Butterhead Lettuce,2
Salad Ballad,60,Basil,4
Salad Ballad,60,Jalapeno Pepper,1
Salad Ballad,60,Parsley,1
Salad Ballad,60,Salad Blend Lettuce,1
Salad Ballad,60,Orange Calendula,1
Salad Ballad,61,Watermelon Radish,5
Salad Ballad,61,Strawberry Blonde Sunflower,1
Salad Ballad,61,Chives,1
Salad Ballad,61,Dragon Carrot,1
Salad Ballad,62,Kale,4
Salad Ballad,62,Dill,2
Salad Ballad,62,Golden Sunflower,1
Salad Ballad,62,French Green Bean,1
Huge Harvest,53,Yellow Squash,2
Huge Harvest,53,Tangerine Gem Marigold,2
Huge Harvest,54,Sun Gold Cherry Tomato,2
Huge Harvest,54,Corn,2
Salad Ballad,63,Dill,3
Salad Ballad,63,Spinach,1
Salad Ballad,63,Fall Carrot,2
Salad Ballad,63,Arugula,1
Salad Ballad,63,Dragon Carrot,1
Salad Ballad,64,Strawberry Blonde Sunflower,3
Salad Ballad,64,Dark Orange Marigold,1
Salad Ballad,64,Thyme,1
Salad Ballad,64,Cilantro,2
Salad Ballad,64,Spinach,1
Mixed Medley,46,Nastrutium,1
Mixed Medley,46,Watermelon Radish,3
Mixed Medley,46,Shishito Pepper,2
Salad Ballad,65,French Green Bean,2
Salad Ballad,65,Edamame,1
Salad Ballad,65,Cayenne Pepper,1
Salad Ballad,65,Shishito Pepper,2
Salad Ballad,65,Provider Bush Bean,2
Salad Ballad,66,Basil,3
Salad Ballad,66,Cucamelon,2
Salad Ballad,66,French Green Bean,1
Salad Ballad,66,Deep Purple Carrot,1
Salad Ballad,66,Suger Snap Pea,1
Huge Harvest,55,Husk Cherry,2
Huge Harvest,55,Tangerine Gem Marigold,2
Mixed Medley,47,Tomatillo,1
Mixed Medley,47,Dark Orange Marigold,3
Mixed Medley,47,Golden Sunflower,2
Huge Harvest,56,Lemon Cucumber,2
Huge Harvest,56,Provider Bush Bean,2
Salad Ballad,67,Rainbow Chard,4
Salad Ballad,67,Thyme,2
Salad Ballad,67,Cucamelon,1
Salad Ballad,67,Tangerine Gem Marigold,1
Mixed Medley,48,Tomatillo,1
Mixed Medley,48,Arugula,3
Mixed Medley,48,Chives,1
Mixed Medley,48,Broccolini,1
Salad Ballad,68,Cilantro,3
Salad Ballad,68,Buzz Buttons,1
Salad Ballad,68,Butterhead Lettuce,1
Salad Ballad,68,Mustard,1
Salad Ballad,68,Thyme,1
Salad Ballad,68,Giant Purple Zinnia,1
Salad Ballad,69,Shishito Pepper,5
Salad Ballad,69,Dragon Carrot,1
Salad Ballad,69,Provider Bush Bean,1
Salad Ballad,69,Eggplant,1
Huge Harvest,57,Nastrutium,2
Huge Harvest,57,Cucamelon,2
Salad Ballad,70,Chives,4
Salad Ballad,70,Cilantro,1
Salad Ballad,70,Deep Purple Carrot,1
Salad Ballad,70,Mustard,2
Mixed Medley,49,Spaghetti Squash,1
Mixed Medley,49,Dragon Bean,5
Mixed Medley,50,Cucumber,1
Mixed Medley,50,Arugula,3
Mixed Medley,50,Basil,2
Salad Ballad,71,Orange Calendula,4
Salad Ballad,71,Watermelon Radish,1
Salad Ballad,71,Giant Purple Zinnia,1
Salad Ballad,71,Suger Snap Pea,1
Salad Ballad,71,Broccolini,1
Salad Ballad,72,Parsley,4
Salad Ballad,72,Kale,1
Salad Ballad,72,Butterhead Lettuce,1
Salad Ballad,72,Orange Calendula,1
Salad Ballad,72,Shishito Pepper,1
Salad Ballad,73,Chives,3
Salad Ballad,73,Buzz Buttons,1
Salad Ballad,73,Giant Purple Zinnia,1
Salad Ballad,73,Shishito Pepper,1
Salad Ballad,73,Butterhead Lettuce,1
Salad Ballad,73,Cilantro,1
Mixed Medley,51,Lemon Cucumber,1
Mixed Medley,51,Fall Carrot,3
Mixed Medley,51,Spring Carrot,2
Mixed Medley,52,Nastrutium,1
Mixed Medley,52,Buzz Buttons,2
Mixed Medley,52,Dark Orange Marigold,2
Mixed Medley,52,Sage,1
Mixed Medley,53,Spaghetti Squash,1
Mixed Medley,53,Sage,4
Mixed Medley,53,Fall Carrot,1
Huge Harvest,58,Spaghetti Squash,1
Huge Harvest,58,Heirloom Medium Red Tomato,1
Huge Harvest,58,Salad Blend Lettuce,2
Huge Harvest,59,Lemon Cucumber,2
Huge Harvest,59,Orange Calendula,2
Mixed Medley,54,Mini Sweet Pepper,1
Mixed Medley,54,Cayenne Pepper,2
Mixed Medley,54,Spring Carrot,1
Mixed Medley,54,Butterhead Lettuce,1
Mixed Medley,54,Dragon Carrot,1
Huge Harvest,60,Nastrutium,1
Huge Harvest,60,Cucumber,1
Huge Harvest,60,Fennel,2
Huge Harvest,61,Mini Sweet Pepper,1
Huge Harvest,61,Broccoli,1
Huge Harvest,61,French Green Bean,2
Mixed Medley,55,Sun Gold Cherry Tomato,1
Mixed Medley,55,Strawberry Blonde Sunflower,3
Mixed Medley,55,Broccolini,1
Mixed Medley,55,Deep Purple Carrot,1
Mixed Medley,56,Sun Gold Cherry Tomato,1
Mixed Medley,56,Butterhead Lettuce,5
Huge Harvest,62,Broccoli,2
Huge Harvest,62,Cayenne Pepper,2
Huge Harvest,63,Lemon Cucumber,2
Huge Harvest,63,Fennel,2
Mixed Medley,57,Racer Pumpkin,1
Mixed Medley,57,Cayenne Pepper,4
Mixed Medley,57,Rainbow Chard,1
Mixed Medley,58,Sun Gold Cherry Tomato,1
Mixed Medley,58,Cucamelon,3
Mixed Medley,58,Sage,1
Mixed Medley,58,Strawberry Blonde Sunflower,1
Huge Harvest,64,Yellow Squash,2
Huge Harvest,64,Corn,2
Mixed Medley,59,Tomatillo,1
Mixed Medley,59,Rainbow Chard,4
Mixed Medley,59,Broccolini,1
Mixed Medley,60,Nastrutium,1
Mixed Medley,60,Sage,3
Mixed Medley,60,Broccolini,2
Mixed Medley,61,Lemon Cucumber,1
Mixed Medley,61,Butterhead Lettuce,3
Mixed Medley,61,Edamame,1
Mixed Medley,61,Sage,1
Mixed Medley,62,Lemon Cucumber,1
Mixed Medley,62,Mustard,2
Mixed Medley,62,Butterhead Lettuce,3
Salad Ballad,74,Chives,4
Salad Ballad,74,French Green Bean,1
Salad Ballad,74,Borage,1
Salad Ballad,74,Fennel,1
Salad Ballad,74,Cayenne Pepper,1
Mixed Medley,63,Mini Sweet Pepper,1
Mixed Medley,63,Mustard,2
Mixed Medley,63,Sage,2
Mixed Medley,63,Dragon Bean,1
Huge Harvest,65,Cauliflower,2
Huge Harvest,65,Basil,2
Huge Harvest,66,Nastrutium,2
Huge Harvest,66,Parsley,1
Huge Harvest,66,Mustard,1
Salad Ballad,75,Beets,5
Salad Ballad,75,Cilantro,1
Salad Ballad,75,Rainbow Chard,2
Salad Ballad,76,French Breakfast Radish,6
Salad Ballad,76,Basil,1
Salad Ballad,76,Orange Calendula,1
Mixed Medley,64,Large Bell Pepper,1
Mixed Medley,64,Provider Bush Bean,3
Mixed Medley,64,French Green Bean,2
Huge Harvest,67,Heirloom Medium Red Tomato,2
Huge Harvest,67,Chives,2
Salad Ballad,77,Borage,2
Salad Ballad,77,Giant Purple Zinnia,1
Salad Ballad,77,Scallions,1
Salad Ballad,77,Suger Snap Pea,1
Salad Ballad,77,French Green Bean,2
Salad Ballad,77,Dragon Carrot,1
Mixed Medley,65,Cantaloupe,1
Mixed Medley,65,French Green Bean,1
Mixed Medley,65,Parsley,4
Huge Harvest,68,Husk Cherry,2
Huge Harvest,68,Dragon Bean,1
Huge Harvest,68,Beets,1
Huge Harvest,69,Cauliflower,1
Huge Harvest,69,Nastrutium,1
Huge Harvest,69,Parsley,2
Huge Harvest,70,Mini Sweet Pepper,2
Huge Harvest,70,Buzz Buttons,2
Salad Ballad,78,Suger Snap Pea,3
Salad Ballad,78,French Breakfast Radish,1
Salad Ballad,78,Buzz Buttons,2
Salad Ballad,78,Fall Carrot,2
Mixed Medley,66,Yellow Squash,1
Mixed Medley,66,Parsley,4
Mixed Medley,66,Butterhead Lettuce,1
Huge Harvest,71,Nastrutium,2
Huge Harvest,71,Spring Carrot,2
Mixed Medley,67,Sun Gold Cherry Tomato,1
Mixed Medley,67,Arugula,5
Huge Harvest,72,Baby Watermelon,2
Huge Harvest,72,Mustard,2
Salad Ballad,79,Kale,5
Salad Ballad,79,Dill,1
Salad Ballad,79,Thyme,1
Salad Ballad,79,Cilantro,1
Huge Harvest,73,Cantaloupe,2
Huge Harvest,73,Butterhead Lettuce,2
Huge Harvest,74,Zucchini,2
Huge Harvest,74,Cucamelon,2
Salad Ballad,80,Scallions,4
Salad Ballad,80,Deep Purple Carrot,1
Salad Ballad,80,Dragon Carrot,1
Salad Ballad,80,Basil,1
Salad Ballad,80,Provider Bush Bean,1
Salad Ballad,81,Spinach,5
Salad Ballad,81,Tangerine Gem Marigold,1
Salad Ballad,81,Dragon Bean,1
Salad Ballad,81,Shishito Pepper,1
Salad Ballad,82,Beets,5
Salad Ballad,82,Jalapeno Pepper,1
Salad Ballad,82,Arugula,1
Salad Ballad,82,Giant Purple Zinnia,1
Huge Harvest,75,Tomatillo,2
Huge Harvest,75,Dark Orange Marigold,2
Huge Harvest,76,Yellow Squash,2
Huge Harvest,76,Provider Bush Bean,2
Huge Harvest,77,Racer Pumpkin,1
Huge Harvest,77,Cantaloupe,1
Huge Harvest,77,Cilantro,2
Salad Ballad,83,Dragon Carrot,3
Salad Ballad,83,Buzz Buttons,2
Salad Ballad,83,Broccolini,3
Salad Ballad,84,French Breakfast Radish,3
Salad Ballad,84,Basil,1
Salad Ballad,84,Spring Carrot,2
Salad Ballad,84,Parsley,2
Salad Ballad,85,French Breakfast Radish,4
Salad Ballad,85,Buzz Buttons,1
Salad Ballad,85,Kale,1
Salad Ballad,85,French Green Bean,2
Mixed Medley,68,Cucumber,1
Mixed Medley,68,Fennel,3
Mixed Medley,68,Basil,2
Mixed Medley,69,Zucchini,1
Mixed Medley,69,French Breakfast Radish,3
Mixed Medley,69,Butterhead Lettuce,2
Salad Ballad,86,Buzz Buttons,3
Salad Ballad,86,Watermelon Radish,1
Salad Ballad,86,Fall Carrot,2
Salad Ballad,86,Corn,1
Salad Ballad,86,Spring Carrot,1
Salad Ballad,87,Deep Purple Carrot,4
Salad Ballad,87,Fennel,2
Salad Ballad,87,Cayenne Pepper,1
Salad Ballad,87,Beets,1
Huge Harvest,78,Tomatillo,2
Huge Harvest,78,Watermelon Radish,1
Huge Harvest,78,Basil,1
Mixed Medley,70,Nastrutium,1
Mixed Medley,70,Rainbow Chard,4
Mixed Medley,70,Edamame,1
Mixed Medley,71,Heirloom Medium Red Tomato,1
Mixed Medley,71,Cayenne Pepper,3
Mixed Medley,71,French Green Bean,2
Salad Ballad,88,Chives,4
Salad Ballad,88,Sage,2
Salad Ballad,88,Mustard,1
Salad Ballad,88,Provider Bush Bean,1
Salad Ballad,89,French Green Bean,5
Salad Ballad,89,Corn,1
Salad Ballad,89,Scallions,1
Salad Ballad,89,Spring Carrot,1
Mixed Medley,72,Lemon Cucumber,1
Mixed Medley,72,Suger Snap Pea,3
Mixed Medley,72,Kale,1
Mixed Medley,72,Arugula,1
Mixed Medley,73,Cantaloupe,1
Mixed Medley,73,Butterhead Lettuce,5
Mixed Medley,74,Cucumber,1
Mixed Medley,74,Mustard,2
Mixed Medley,74,Fennel,3
Huge Harvest,79,Cantaloupe,2
Huge Harvest,79,Fennel,2
Mixed Medley,75,Tomatillo,1
Mixed Medley,75,Suger Snap Pea,2
Mixed Medley,75,Butterhead Lettuce,2
Mixed Medley,75,French Green Bean,1
Mixed Medley,76,Sun Gold Cherry Tomato,1
Mixed Medley,76,Cayenne Pepper,2
Mixed Medley,76,Basil,3
Mixed Medley,77,Spaghetti Squash,1
Mixed Medley,77,Broccolini,2
Mixed Medley,77,Edamame,3
Huge Harvest,80,Racer Pumpkin,2
Huge Harvest,80,Provider Bush Bean,2
Salad Ballad,90,Edamame,3
Salad Ballad,90,Sage,1
Salad Ballad,90,Thyme,1
Salad Ballad,90,Jalapeno Pepper,1
Salad Ballad,90,Cayenne Pepper,1
Salad Ballad,90,Arugula,1
Mixed Medley,78,Large Bell Pepper,1
Mixed Medley,78,Fall Carrot,3
Mixed Medley,78,French Breakfast Radish,1
Mixed Medley,78,Edamame,1
Mixed Medley,79,Husk Cherry,1
Mixed Medley,79,French Breakfast Radish,5
Huge Harvest,81,Spaghetti Squash,2
Huge Harvest,81,French Green Bean,2
Mixed Medley,80,Cucumber,1
Mixed Medley,80,Mustard,3
Mixed Medley,80,Broccolini,2
Salad Ballad,91,Giant Purple Zinnia,4
Salad Ballad,91,Deep Purple Carrot,1
Salad Ballad,91,Spinach,1
Salad Ballad,91,Rainbow Chard,1
Salad Ballad,91,Parsley,1
Huge Harvest,82,Heirloom Medium Red Tomato,2
Huge Harvest,82,Suger Snap Pea,2
Huge Harvest,83,Lemon Cucumber,2
Huge Harvest,83,Dragon Carrot,2
Salad Ballad,92,Butterhead Lettuce,3
Salad Ballad,92,Dill,1
Salad Ballad,92,Dragon Bean,2
Salad Ballad,92,Spinach,1
Salad Ballad,92,Scallions,1
Salad Ballad,93,Fall Carrot,2
Salad Ballad,93,Corn,1
Salad Ballad,93,Cucamelon,2
Salad Ballad,93,Sage,1
Salad Ballad,93,Edamame,2
Mixed Medley,81,Yellow Squash,1
Mixed Medley,81,Shishito Pepper,2
Mixed Medley,81,Deep Purple Carrot,3
Huge Harvest,84,Tomatillo,2
Huge Harvest,84,Borage,2
Salad Ballad,94,Cucamelon,4
Salad Ballad,94,Sage,2
Salad Ballad,94,Fall Carrot,1
Salad Ballad,94,Parsley,1
Mixed Medley,82,Broccoli,1
Mixed Medley,82,Corn,5
Salad Ballad,95,Cilantro,4
Salad Ballad,95,Orange Calendula,1
Salad Ballad,95,Arugula,1
Salad Ballad,95,Buzz Buttons,2
Huge Harvest,85,Yellow Squash,2
Huge Harvest,85,French Breakfast Radish,2
Mixed Medley,83,Large Bell Pepper,1
Mixed Medley,83,Buzz Buttons,3
Mixed Medley,83,Suger Snap Pea,2
Salad Ballad,96,Broccolini,4
Salad Ballad,96,Dragon Bean,1
Salad Ballad,96,Chives,1
Salad Ballad,96,Provider Bush Bean,1
Salad Ballad,96,Golden Sunflower,1
Salad Ballad,97,Cilantro,4
Salad Ballad,97,Watermelon Radish,2
Salad Ballad,97,Sage,1
Salad Ballad,97,Shishito Pepper,1
Huge Harvest,86,Nastrutium,2
Huge Harvest,86,Dark Orange Marigold,2
Salad Ballad,98,Scallions,4
Salad Ballad,98,Spring Carrot,1
Salad Ballad,98,Dill,1
Salad Ballad,98,Cilantro,1
Salad Ballad,98,Watermelon Radish,1
Mixed Medley,84,Racer Pumpkin,1
Mixed Medley,84,Giant Purple Zinnia,3
Mixed Medley,84,Butterhead Lettuce,1
Mixed Medley,84,Provider Bush Bean,1
Salad Ballad,99,Suger Snap Pea,3
Salad Ballad,99,Borage,1
Salad Ballad,99,Fall Carrot,2
Salad Ballad,99,Golden Sunflower,1
Salad Ballad,99,Fennel,1
Huge Harvest,87,Sun Gold Cherry Tomato,2
Huge Harvest,87,Broccolini,1
Huge Harvest,87,Eggplant,1
Huge Harvest,88,Husk Cherry,2
Huge Harvest,88,French Green Bean,1
Huge Harvest,88,Dill,1
Mixed Medley,85,Heirloom Medium Red Tomato,1
Mixed Medley,85,Arugula,3
Mixed Medley,85,Strawberry Blonde Sunflower,2
Huge Harvest,89,Lemon Cucumber,2
Huge Harvest,89,Dark Orange Marigold,2
Salad Ballad,100,Spring Carrot,4
Salad Ballad,100,Dragon Carrot,1
Salad Ballad,100,Cilantro,1
Salad Ballad,100,Mustard,1
Salad Ballad,100,Scallions,1
Mixed Medley,86,Lemon Cucumber,1
Mixed Medley,86,Parsley,3
Mixed Medley,86,Broccolini,2
Mixed Medley,87,Heirloom Medium Red Tomato,1
Mixed Medley,87,Deep Purple Carrot,4
Mixed Medley,87,Buzz Buttons,1
Salad Ballad,101,Buzz Buttons,4
Salad Ballad,101,Kale,1
Salad Ballad,101,Provider Bush Bean,1
Salad Ballad,101,Borage,1
Salad Ballad,101,French Green Bean,1
Huge Harvest,90,Cucumber,2
Huge Harvest,90,Strawberry Blonde Sunflower,2
Huge Harvest,91,Yellow Squash,2
Huge Harvest,91,Corn,2
Salad Ballad,102,Giant Purple Zinnia,5
Salad Ballad,102,Suger Snap Pea,1
Salad Ballad,102,Spinach,1
Salad Ballad,102,Orange Calendula,1
Huge Harvest,92,Cantaloupe,2
Huge Harvest,92,Broccolini,1
Huge Harvest,92,Watermelon Radish,1
Salad Ballad,103,Sage,4
Salad Ballad,103,Basil,1
Salad Ballad,103,Fall Carrot,1
Salad Ballad,103,Arugula,1
Salad Ballad,103,Strawberry Blonde Sunflower,1
Mixed Medley,88,Glacier Tomato,1
Mixed Medley,88,Dragon Bean,2
Mixed Medley,88,Cilantro,2
Mixed Medley,88,Chives,1
Salad Ballad,104,Butterhead Lettuce,3
Salad Ballad,104,Sage,1
Salad Ballad,104,Fennel,1
Salad Ballad,104,Corn,1
Salad Ballad,104,Provider Bush Bean,1
Salad Ballad,104,Spring Carrot,1
Mixed Medley,89,Mini Sweet Pepper,1
Mixed Medley,89,Orange Calendula,3
Mixed Medley,89,Borage,2
Mixed Medley,90,Broccoli,1
Mixed Medley,90,Dark Orange Marigold,3
Mixed Medley,90,Scallions,2
Huge Harvest,93,Broccoli,2
Huge Harvest,93,Thyme,2
Huge Harvest,94,Zucchini,2
Huge Harvest,94,Edamame,2
Huge Harvest,95,Zucchini,2
Huge Harvest,95,Shishito Pepper,1
Huge Harvest,95,Watermelon Radish,1
Salad Ballad,105,Eggplant,3
Salad Ballad,105,Tangerine Gem Marigold,1
Salad Ballad,105,Cucamelon,1
Salad Ballad,105,Rainbow Chard,1
Salad Ballad,105,Dark Orange Marigold,2
Huge Harvest,96,Racer Pumpkin,1
Huge Harvest,96,Large Bell Pepper,1
Huge Harvest,96,Cilantro,2
Huge Harvest,97,Yellow Squash,2
Huge Harvest,97,Deep Purple Carrot,2
Mixed Medley,91,Lemon Cucumber,1
Mixed Medley,91,Thyme,2
Mixed Medley,91,Salad Blend Lettuce,3
Mixed Medley,92,Sun Gold Cherry Tomato,1
Mixed Medley,92,Tangerine Gem Marigold,2
Mixed Medley,92,Buzz Buttons,3
Huge Harvest,98,Racer Pumpkin,2
Huge Harvest,98,Dark Orange Marigold,2
Mixed Medley,93,Mini Sweet Pepper,1
Mixed Medley,93,Dark Orange Marigold,4
Mixed Medley,93,Golden Sunflower,1
Mixed Medley,94,Sun Gold Cherry Tomato,1
Mixed Medley,94,Dill,5
Salad Ballad,106,Beets,4
Salad Ballad,106,Provider Bush Bean,1
Salad Ballad,106,Broccolini,1
Salad Ballad,106,Fall Carrot,2
Huge Harvest,99,Cantaloupe,2
Huge Harvest,99,Fennel,2
Huge Harvest,100,Mini Sweet Pepper,2
Huge Harvest,100,Golden Sunflower,2
Mixed Medley,95,Racer Pumpkin,1
Mixed Medley,95,Buzz Buttons,3
Mixed Medley,95,Cucamelon,1
Mixed Medley,95,Dill,1
Salad Ballad,107,Dill,5
Salad Ballad,107,Eggplant,2
Salad Ballad,107,Sage,1
Mixed Medley,96,Sun Gold Cherry Tomato,1
Mixed Medley,96,Spinach,3
Mixed Medley,96,Jalapeno Pepper,1
Mixed Medley,96,Cilantro,1
Salad Ballad,108,Buzz Buttons,3
Salad Ballad,108,Thyme,1
Salad Ballad,108,Shishito Pepper,1
Salad Ballad,108,Fennel,1
Salad Ballad,108,Dill,2
Huge Harvest,101,Nastrutium,2
Huge Harvest,101,Provider Bush Bean,1
Huge Harvest,101,French Green Bean,1
Mixed Medley,97,Husk Cherry,1
Mixed Medley,97,Corn,5
Mixed Medley,98,Heirloom Medium Red Tomato,1
Mixed Medley,98,Dill,4
Mixed Medley,98,French Breakfast Radish,1
Salad Ballad,109,Orange Calendula,5
Salad Ballad,109,Dragon Carrot,1
Salad Ballad,109,Buzz Buttons,1
Salad Ballad,109,Suger Snap Pea,1
Salad Ballad,110,French Green Bean,5
Salad Ballad,110,French Breakfast Radish,1
Salad Ballad,110,Buzz Buttons,1
Salad Ballad,110,Fennel,1
Mixed Medley,99,Cauliflower,1
Mixed Medley,99,Giant Purple Zinnia,3
Mixed Medley,99,Orange Calendula,2
Mixed Medley,100,Husk Cherry,1
Mixed Medley,100,Basil,3
Mixed Medley,100,Jalapeno Pepper,1
Mixed Medley,100,Chives,1
Mixed Medley,101,Husk Cherry,1
Mixed Medley,101,Mustard,5
Huge Harvest,102,Glacier Tomato,2
Huge Harvest,102,Dragon Carrot,2
Salad Ballad,111,Shishito Pepper,2
Salad Ballad,111,Deep Purple Carrot,1
Salad Ballad,111,Sage,2
Salad Ballad,111,Dill,1
Salad Ballad,111,Jalapeno Pepper,1
Salad Ballad,111,Mustard,1
Salad Ballad,112,Fennel,3
Salad Ballad,112,Basil,2
Salad Ballad,112,Rainbow Chard,1
Salad Ballad,112,Salad Blend Lettuce,2
Mixed Medley,102,Yellow Squash,1
Mixed Medley,102,Buzz Buttons,5
Salad Ballad,113,French Green Bean,5
Salad Ballad,113,Jalapeno Pepper,1
Salad Ballad,113,Dragon Carrot,1
Salad Ballad,113,Dragon Bean,1
Huge Harvest,103,Broccoli,2
Huge Harvest,103,Deep Purple Carrot,1
Huge Harvest,103,Orange Calendula,1
Salad Ballad,114,Provider Bush Bean,4
Salad Ballad,114,Orange Calendula,2
Salad Ballad,114,Salad Blend Lettuce,2
Mixed Medley,103,Baby Watermelon,1
Mixed Medley,103,Parsley,3
Mixed Medley,103,Watermelon Radish,2
Mixed Medley,104,Zucchini,1
Mixed Medley,104,Deep Purple Carrot,2
Mixed Medley,104,Cucamelon,2
Mixed Medley,104,Parsley,1
Salad Ballad,115,Provider Bush Bean,3
Salad Ballad,115,Salad Blend Lettuce,1
Salad Ballad,115,Mustard,2
Salad Ballad,115,Parsley,2
Huge Harvest,104,Zucchini,2
Huge Harvest,104,Dragon Carrot,2
Mixed Medley,105,Baby Watermelon,1
Mixed Medley,105,Butterhead Lettuce,3
Mixed Medley,105,Edamame,2
Salad Ballad,116,Sage,3
Salad Ballad,116,Cilantro,1
Salad Ballad,116,Strawberry Blonde Sunflower,2
Salad Ballad,116,Fall Carrot,1
Salad Ballad,116,Kale,1
Salad Ballad,117,Cilantro,2
Salad Ballad,117,Strawberry Blonde Sunflower,1
Salad Ballad,117,Golden Sunflower,1
Salad Ballad,117,Dark Orange Marigold,1
Salad Ballad,117,Sage,2
Salad Ballad,117,Buzz Buttons,1
Huge Harvest,105,Cucumber,2
Huge Harvest,105,French Breakfast Radish,2
Huge Harvest,106,Nastrutium,2
Huge Harvest,106,Chives,2
Huge Harvest,107,Glacier Tomato,2
Huge Harvest,107,Mustard,2
Mixed Medley,106,Husk Cherry,1
Mixed Medley,106,Butterhead Lettuce,2
Mixed Medley,106,Salad Blend Lettuce,1
Mixed Medley,106,Corn,1
Mixed Medley,106,Eggplant,1
Salad Ballad,118,Eggplant,3
Salad Ballad,118,Dragon Bean,1
Salad Ballad,118,Mustard,1
Salad Ballad,118,Salad Blend Lettuce,1
Salad Ballad,118,Dill,1
Salad Ballad,118,Cilantro,1
Salad Ballad,119,Arugula,5
Salad Ballad,119,Chives,1
Salad Ballad,119,Rainbow Chard,1
Salad Ballad,119,Deep Purple Carrot,1
Mixed Medley,107,Husk Cherry,1
Mixed Medley,107,Watermelon Radish,5
Huge Harvest,108,Tomatillo,2
Huge Harvest,108,Parsley,1
Huge Harvest,108,French Breakfast Radish,1
Salad Ballad,120,Provider Bush Bean,3
Salad Ballad,120,Eggplant,2
Salad Ballad,120,Cilantro,2
Salad Ballad,120,Scallions,1
Salad Ballad,121,Giant Purple Zinnia,4
Salad Ballad,121,Dragon Carrot,1
Salad Ballad,121,Mustard,1
Salad Ballad,121,Orange Calendula,2
Huge Harvest,109,Cantaloupe,2
Huge Harvest,109,Dark Orange Marigold,2
Huge Harvest,110,Sun Gold Cherry Tomato,2
Huge Harvest,110,Golden Sunflower,2
Huge Harvest,111,Baby Watermelon,2
Huge Harvest,111,Dragon Carrot,2
Huge Harvest,112,Nastrutium,2
Huge Harvest,112,Kale,1
Huge Harvest,112,Cucamelon,1
Mixed Medley,108,Lemon Cucumber,1
Mixed Medley,108,Basil,5
Salad Ballad,122,Scallions,3
Salad Ballad,122,Beets,1
Salad Ballad,122,Basil,1
Salad Ballad,122,French Green Bean,1
Salad Ballad,122,Dragon Carrot,1
Salad Ballad,122,Strawberry Blonde Sunflower,1
Salad Ballad,123,Thyme,5
Salad Ballad,123,Dragon Bean,1
Salad Ballad,123,Borage,2
Salad Ballad,124,Tangerine Gem Marigold,4
Salad Ballad,124,Dragon Bean,1
Salad Ballad,124,Spring Carrot,1
Salad Ballad,124,Scallions,1
Salad Ballad,124,Edamame,1
Huge Harvest,113,Racer Pumpkin,2
Huge Harvest,113,Spring Carrot,2
Mixed Medley,109,Cantaloupe,1
Mixed Medley,109,Strawberry Blonde Sunflower,5
Huge Harvest,114,Heirloom Medium Red Tomato,2
Huge Harvest,114,Deep Purple Carrot,2
Huge Harvest,115,Baby Watermelon,2
Huge Harvest,115,Tangerine Gem Marigold,2
Salad Ballad,125,Deep Purple Carrot,4
Salad Ballad,125,Giant Purple Zinnia,1
Salad Ballad,125,Strawberry Blonde Sunflower,1
Salad Ballad,125,Parsley,1
Salad Ballad,125,Mustard,1
Mixed Medley,110,Spaghetti Squash,1
Mixed Medley,110,Orange Calendula,4
Mixed Medley,110,Jalapeno Pepper,1
Mixed Medley,111,Spaghetti Squash,1
Mixed Medley,111,Strawberry Blonde Sunflower,3
Mixed Medley,111,Rainbow Chard,2
Mixed Medley,112,Spaghetti Squash,1
Mixed Medley,112,Spring Carrot,3
Mixed Medley,112,Orange Calendula,1
Mixed Medley,112,Parsley,1
Huge Harvest,116,Cauliflower,2
Huge Harvest,116,Scallions,2
Salad Ballad,126,Scallions,4
Salad Ballad,126,Rainbow Chard,1
Salad Ballad,126,Suger Snap Pea,1
Salad Ballad,126,Dragon Bean,1
Salad Ballad,126,Watermelon Radish,1
Salad Ballad,127,Strawberry Blonde Sunflower,4
Salad Ballad,127,French Green Bean,1
Salad Ballad,127,Giant Purple Zinnia,1
Salad Ballad,127,Provider Bush Bean,2
Huge Harvest,117,Spaghetti Squash,2
Huge Harvest,117,Dark Orange Marigold,1
Huge Harvest,117,Cilantro,1
Mixed Medley,113,Baby Watermelon,1
Mixed Medley,113,Sage,4
Mixed Medley,113,Broccolini,1
Huge Harvest,118,Glacier Tomato,2
Huge Harvest,118,Dill,2
Huge Harvest,119,Large Bell Pepper,2
Huge Harvest,119,Rainbow Chard,2
Huge Harvest,120,Yellow Squash,2
Huge Harvest,120,Chives,1
Huge Harvest,120,Beets,1
Salad Ballad,128,Sage,4
Salad Ballad,128,Orange Calendula,1
Salad Ballad,128,Dragon Carrot,1
Salad Ballad,128,Cucamelon,1
Salad Ballad,128,Giant Purple Zinnia,1
Huge Harvest,121,Mini Sweet Pepper,2
Huge Harvest,121,Golden Sunflower,2
Mixed Medley,114,Sun Gold Cherry Tomato,1
Mixed Medley,114,Spinach,3
Mixed Medley,114,Rainbow Chard,2
Mixed Medley,115,Spaghetti Squash,1
Mixed Medley,115,Rainbow Chard,3
Mixed Medley,115,Watermelon Radish,2
Salad Ballad,129,Spring Carrot,5
Salad Ballad,129,Rainbow Chard,1
Salad Ballad,129,Dark Orange Marigold,1
Salad Ballad,129,Salad Blend Lettuce,1
Huge Harvest,122,Large Bell Pepper,2
Huge Harvest,122,Scallions,2
Mixed Medley,116,Baby Watermelon,1
Mixed Medley,116,Kale,4
Mixed Medley,116,Sage,1
Mixed Medley,117,Broccoli,1
Mixed Medley,117,Butterhead Lettuce,4
Mixed Medley,117,Cucamelon,1
Mixed Medley,118,Cucumber,1
Mixed Medley,118,Jalapeno Pepper,4
Mixed Medley,118,Eggplant,1
Huge Harvest,123,Cantaloupe,2
Huge Harvest,123,Orange Calendula,2
Huge Harvest,124,Heirloom Medium Red Tomato,2
Huge Harvest,124,Spinach,2
Mixed Medley,119,Cauliflower,1
Mixed Medley,119,Rainbow Chard,1
Mixed Medley,119,Dill,2
Mixed Medley,119,Butterhead Lettuce,2
Huge Harvest,125,Broccoli,2
Huge Harvest,125,Deep Purple Carrot,2
Huge Harvest,126,Broccoli,1
Huge Harvest,126,Mini Sweet Pepper,1
Huge Harvest,126,Dill,1
Huge Harvest,126,Kale,1
Mixed Medley,120,Tomatillo,1
Mixed Medley,120,Chives,5
Mixed Medley,121,Baby Watermelon,1
Mixed Medley,121,Orange Calendula,2
Mixed Medley,121,French Breakfast Radish,3
Huge Harvest,127,Glacier Tomato,2
Huge Harvest,127,Tangerine Gem Marigold,2
Salad Ballad,130,Edamame,4
Salad Ballad,130,Giant Purple Zinnia,1
Salad Ballad,130,Suger Snap Pea,2
Salad Ballad,130,Golden Sunflower,1
Huge Harvest,128,Spaghetti Squash,2
Huge Harvest,128,Corn,2
Mixed Medley,122,Husk Cherry,1
Mixed Medley,122,Mustard,1
Mixed Medley,122,Giant Purple Zinnia,2
Mixed Medley,122,Spring Carrot,2
Huge Harvest,129,Cucumber,2
Huge Harvest,129,Broccolini,2
Huge Harvest,130,Lemon Cucumber,2
Huge Harvest,130,Parsley,2
Salad Ballad,131,French Breakfast Radish,4
Salad Ballad,131,French Green Bean,1
Salad Ballad,131,Deep Purple Carrot,1
Salad Ballad,131,Spring Carrot,1
Salad Ballad,131,Arugula,1
Salad Ballad,132,Provider Bush Bean,5
Salad Ballad,132,Buzz Buttons,1
Salad Ballad,132,Cilantro,2
Mixed Medley,123,Cantaloupe,1
Mixed Medley,123,Jalapeno Pepper,3
Mixed Medley,123,Chives,2
Salad Ballad,133,Cayenne Pepper,4
Salad Ballad,133,French Green Bean,1
Salad Ballad,133,Cilantro,1
Salad Ballad,133,Sage,1
Salad Ballad,133,Borage,1
Huge Harvest,131,Cucumber,2
Huge Harvest,131,Spinach,1
Huge Harvest,131,Eggplant,1
Salad Ballad,134,Beets,4
Salad Ballad,134,Orange Calendula,1
Salad Ballad,134,Shishito Pepper,1
Salad Ballad,134,Fall Carrot,1
Salad Ballad,134,Buzz Buttons,1
Huge Harvest,132,Heirloom Medium Red Tomato,2
Huge Harvest,132,Fennel,2
Salad Ballad,135,Cayenne Pepper,4
Salad Ballad,135,Parsley,1
Salad Ballad,135,Broccolini,1
Salad Ballad,135,Eggplant,1
Salad Ballad,135,Arugula,1
Salad Ballad,136,Orange Calendula,3
Salad Ballad,136,French Breakfast Radish,1
Salad Ballad,136,Basil,2
Salad Ballad,136,Cayenne Pepper,1
Salad Ballad,136,French Green Bean,1
Mixed Medley,124,Mini Sweet Pepper,1
Mixed Medley,124,French Green Bean,3
Mixed Medley,124,Beets,2
Mixed Medley,125,Cauliflower,1
Mixed Medley,125,Sage,2
Mixed Medley,125,Dark Orange Marigold,1
Mixed Medley,125,Beets,2
Huge Harvest,133,Mini Sweet Pepper,2
Huge Harvest,133,Spinach,2
Salad Ballad,137,Cilantro,4
Salad Ballad,137,Scallions,2
Salad Ballad,137,Salad Blend Lettuce,1
Salad Ballad,137,Eggplant,1
Mixed Medley,126,Cauliflower,1
Mixed Medley,126,Orange Calendula,2
Mixed Medley,126,Tangerine Gem Marigold,3
Mixed Medley,127,Broccoli,1
Mixed Medley,127,Scallions,3
Mixed Medley,127,Parsley,2
Huge Harvest,134,Glacier Tomato,2
Huge Harvest,134,Cayenne Pepper,1
Huge Harvest,134,Dark Orange Marigold,1
Salad Ballad,138,Cilantro,2
Salad Ballad,138,Cayenne Pepper,2
Salad Ballad,138,French Breakfast Radish,1
Salad Ballad,138,Butterhead Lettuce,2
Salad Ballad,138,Provider Bush Bean,1
Huge Harvest,135,Large Bell Pepper,2
Huge Harvest,135,Cayenne Pepper,2
Mixed Medley,128,Nastrutium,1
Mixed Medley,128,Dark Orange Marigold,3
Mixed Medley,128,Fall Carrot,2
Salad Ballad,139,Scallions,4
Salad Ballad,139,Fennel,1
Salad Ballad,139,Giant Purple Zinnia,2
Salad Ballad,139,Shishito Pepper,1
Salad Ballad,140,Jalapeno Pepper,4
Salad Ballad,140,Watermelon Radish,1
Salad Ballad,140,Fennel,1
Salad Ballad,140,Kale,1
Salad Ballad,140,Golden Sunflower,1
Salad Ballad,141,Dill,4
Salad Ballad,141,Butterhead Lettuce,1
Salad Ballad,141,French Green Bean,1
Salad Ballad,141,Beets,1
Salad Ballad,141,Cayenne Pepper,1
Huge Harvest,136,Glacier Tomato,1
Huge Harvest,136,Heirloom Medium Red Tomato,1
Huge Harvest,136,Rainbow Chard,2
Salad Ballad,142,Corn,4
Salad Ballad,142,Rainbow Chard,1
Salad Ballad,142,Edamame,1
Salad Ballad,142,Broccolini,1
Salad Ballad,142,Butterhead Lettuce,1
Huge Harvest,137,Tomatillo,2
Huge Harvest,137,Beets,2
Mixed Medley,129,Broccoli,1
Mixed Medley,129,Parsley,5
Salad Ballad,143,Kale,5
Salad Ballad,143,Buzz Buttons,1
Salad Ballad,143,Tangerine Gem Marigold,1
Salad Ballad,143,Cilantro,1
Salad Ballad,144,Dragon Carrot,3
Salad Ballad,144,Dill,1
Salad Ballad,144,Chives,3
Salad Ballad,144,Fall Carrot,1
Salad Ballad,145,Provider Bush Bean,4
Salad Ballad,145,Butterhead Lettuce,1
Salad Ballad,145,Parsley,1
Salad Ballad,145,Cayenne Pepper,1
Salad Ballad,145,Spring Carrot,1
Mixed Medley,130,Mini Sweet Pepper,1
Mixed Medley,130,Suger Snap Pea,3
Mixed Medley,130,Tangerine Gem Marigold,2
Salad Ballad,146,Dragon Bean,4
Salad Ballad,146,Chives,2
Salad Ballad,146,Butterhead Lettuce,2
Huge Harvest,138,Racer Pumpkin,2
Huge Harvest,138,Rainbow Chard,2
Mixed Medley,131,Lemon Cucumber,1
Mixed Medley,131,Rainbow Chard,3
Mixed Medley,131,Eggplant,1
Mixed Medley,131,Dragon Carrot,1
Huge Harvest,139,Glacier Tomato,2
Huge Harvest,139,Giant Purple Zinnia,2
Mixed Medley,132,Nastrutium,1
Mixed Medley,132,Deep Purple Carrot,3
Mixed Medley,132,Jalapeno Pepper,1
Mixed Medley,132,Broccolini,1
Mixed Medley,133,Spaghetti Squash,1
Mixed Medley,133,Borage,4
Mixed Medley,133,Watermelon Radish,1
Salad Ballad,147,Salad Blend Lettuce,3
Salad Ballad,147,Butterhead Lettuce,1
Salad Ballad,147,Dragon Carrot,1
Salad Ballad,147,Deep Purple Carrot,1
Salad Ballad,147,Eggplant,2
Mixed Medley,134,Large Bell Pepper,1
Mixed Medley,134,Dragon Carrot,4
Mixed Medley,134,Borage,1
Salad Ballad,148,Arugula,4
Salad Ballad,148,Salad Blend Lettuce,1
Salad Ballad,148,Cilantro,1
Salad Ballad,148,Beets,1
Salad Ballad,148,Jalapeno Pepper,1
Mixed Medley,135,Lemon Cucumber,1
Mixed Medley,135,Shishito Pepper,5
Huge Harvest,140,Husk Cherry,2
Huge Harvest,140,French Green Bean,2
Huge Harvest,141,Husk Cherry,2
Huge Harvest,141,French Green Bean,2
Huge Harvest,142,Husk Cherry,1
Huge Harvest,142,Cauliflower,1
Huge Harvest,142,Cilantro,1
Huge Harvest,142,Rainbow Chard,1
Salad Ballad,149,Beets,4
Salad Ballad,149,Cayenne Pepper,1
Salad Ballad,149,Deep Purple Carrot,1
Salad Ballad,149,Borage,1
Salad Ballad,149,Buzz Buttons,1
Salad Ballad,150,Golden Sunflower,4
Salad Ballad,150,Tangerine Gem Marigold,1
Salad Ballad,150,Parsley,1
Salad Ballad,150,Strawberry Blonde Sunflower,1
Salad Ballad,150,Cayenne Pepper,1
Huge Harvest,143,Heirloom Medium Red Tomato,2
Huge Harvest,143,Deep Purple Carrot,2
Salad Ballad,151,Fall Carrot,2
Salad Ballad,151,Beets,2
Salad Ballad,151,Sage,2
Salad Ballad,151,Arugula,2
Mixed Medley,136,Yellow Squash,1
Mixed Medley,136,Broccolini,4
Mixed Medley,136,Chives,1
Mixed Medley,137,Baby Watermelon,1
Mixed Medley,137,Kale,4
Mixed Medley,137,Spring Carrot,1
Salad Ballad,152,Shishito Pepper,2
Salad Ballad,152,Eggplant,1
Salad Ballad,152,Butterhead Lettuce,1
Salad Ballad,152,Corn,2
Salad Ballad,152,Strawberry Blonde Sunflower,2
Salad Ballad,153,Giant Purple Zinnia,5
Salad Ballad,153,Buzz Buttons,1
Salad Ballad,153,Orange Calendula,1
Salad Ballad,153,Strawberry Blonde Sunflower,1
Mixed Medley,138,Glacier Tomato,1
Mixed Medley,138,Mustard,4
Mixed Medley,138,Kale,1
Huge Harvest,144,Nastrutium,2
Huge Harvest,144,Provider Bush Bean,2
Salad Ballad,154,Shishito Pepper,5
Salad Ballad,154,Spring Carrot,1
Salad Ballad,154,Scallions,1
Salad Ballad,154,Sage,1
Salad Ballad,155,Orange Calendula,3
Salad Ballad,155,Parsley,1
Salad Ballad,155,Fennel,1
Salad Ballad,155,Jalapeno Pepper,1
Salad Ballad,155,Broccolini,1
Salad Ballad,155,French Breakfast Radish,1
Mixed Medley,139,Husk Cherry,1
Mixed Medley,139,Thyme,2
Mixed Medley,139,Dark Orange Marigold,2
Mixed Medley,139,Spring Carrot,1
Huge Harvest,145,Heirloom Medium Red Tomato,1
Huge Harvest,145,Glacier Tomato,1
Huge Harvest,145,Parsley,2
Salad Ballad,156,Orange Calendula,4
Salad Ballad,156,Buzz Buttons,1
Salad Ballad,156,Chives,1
Salad Ballad,156,Jalapeno Pepper,1
Salad Ballad,156,Butterhead Lettuce,1
Salad Ballad,157,Suger Snap Pea,5
Salad Ballad,157,Watermelon Radish,2
Salad Ballad,157,Cucamelon,1
Mixed Medley,140,Large Bell Pepper,1
Mixed Medley,140,Rainbow Chard,4
Mixed Medley,140,Provider Bush Bean,1
Salad Ballad,158,Scallions,3
Salad Ballad,158,Thyme,1
Salad Ballad,158,Giant Purple Zinnia,1
Salad Ballad,158,Buzz Buttons,1
Salad Ballad,158,Borage,1
Salad Ballad,158,Cayenne Pepper,1
Mixed Medley,141,Large Bell Pepper,1
Mixed Medley,141,Cayenne Pepper,3
Mixed Medley,141,Watermelon Radish,2
Huge Harvest,146,Broccoli,1
Huge Harvest,146,Mini Sweet Pepper,1
Huge Harvest,146,Beets,1
Huge Harvest,146,Fall Carrot,1
Mixed Medley,142,Husk Cherry,1
Mixed Medley,142,Dragon Carrot,3
Mixed Medley,142,Basil,2
Mixed Medley,143,Nastrutium,1
Mixed Medley,143,Borage,3
Mixed Medley,143,Thyme,1
Mixed Medley,143,Dragon Carrot,1
Huge Harvest,147,Lemon Cucumber,2
Huge Harvest,147,Scallions,1
Huge Harvest,147,French Green Bean,1
Salad Ballad,159,Tangerine Gem Marigold,5
Salad Ballad,159,Eggplant,1
Salad Ballad,159,Cilantro,1
Salad Ballad,159,Dark Orange Marigold,1
Salad Ballad,160,Salad Blend Lettuce,2
Salad Ballad,160,Arugula,2
Salad Ballad,160,Dragon Bean,2
Salad Ballad,160,Watermelon Radish,2
Huge Harvest,148,Yellow Squash,2
Huge Harvest,148,Fall Carrot,2
Salad Ballad,161,Suger Snap Pea,4
Salad Ballad,161,Salad Blend Lettuce,1
Salad Ballad,161,Corn,1
Salad Ballad,161,Provider Bush Bean,1
Salad Ballad,161,Tangerine Gem Marigold,1
Salad Ballad,162,Dragon Carrot,5
Salad Ballad,162,Basil,2
Salad Ballad,162,Fall Carrot,1
Huge Harvest,149,Large Bell Pepper,2
Huge Harvest,149,Salad Blend Lettuce,2
Huge Harvest,150,Cucumber,2
Huge Harvest,150,Sage,2
Huge Harvest,151,Heirloom Medium Red Tomato,2
Huge Harvest,151,French Green Bean,2
Mixed Medley,144,Glacier Tomato,1
Mixed Medley,144,Spinach,2
Mixed Medley,144,Edamame,2
Mixed Medley,144,Kale,1
Mixed Medley,145,Cauliflower,1
Mixed Medley,145,Dragon Bean,2
Mixed Medley,145,Strawberry Blonde Sunflower,1
Mixed Medley,145,Dill,1
Mixed Medley,145,Beets,1
Mixed Medley,146,Mini Sweet Pepper,1
Mixed Medley,146,French Breakfast Radish,5
Salad Ballad,163,Corn,3
Salad Ballad,163,Fall Carrot,1
Salad Ballad,163,Tangerine Gem Marigold,2
Salad Ballad,163,Beets,1
Salad Ballad,163,Orange Calendula,1
Mixed Medley,147,Mini Sweet Pepper,1
Mixed Medley,147,Cilantro,5
Salad Ballad,164,Sage,4
Salad Ballad,164,Cucamelon,1
Salad Ballad,164,Eggplant,1
Salad Ballad,164,Shishito Pepper,1
Salad Ballad,164,Corn,1
Salad Ballad,165,Fennel,3
Salad Ballad,165,Cucamelon,3
Salad Ballad,165,Tangerine Gem Marigold,1
Salad Ballad,165,Dragon Bean,1
Mixed Medley,148,Large Bell Pepper,1
Mixed Medley,148,French Breakfast Radish,3
Mixed Medley,148,Parsley,2
Salad Ballad,166,Buzz Buttons,3
Salad Ballad,166,Parsley,2
Salad Ballad,166,Butterhead Lettuce,1
Salad Ballad,166,Shishito Pepper,2
Mixed Medley,149,Cucumber,1
Mixed Medley,149,Cilantro,3
Mixed Medley,149,Fennel,2
Huge Harvest,152,Glacier Tomato,2
Huge Harvest,152,Dill,2
Salad Ballad,167,Deep Purple Carrot,3
Salad Ballad,167,Eggplant,1
Salad Ballad,167,Rainbow Chard,1
Salad Ballad,167,Borage,1
Salad Ballad,167,Buzz Buttons,1
Salad Ballad,167,Giant Purple Zinnia,1
Salad Ballad,168,Parsley,5
Salad Ballad,168,Cucamelon,1
Salad Ballad,168,Cilantro,1
Salad Ballad,168,Butterhead Lettuce,1
Huge Harvest,153,Cauliflower,2
Huge Harvest,153,Edamame,2
Huge Harvest,154,Zucchini,2
Huge Harvest,154,Tangerine Gem Marigold,2
Mixed Medley,150,Cauliflower,1
Mixed Medley,150,Shishito Pepper,3
Mixed Medley,150,Cilantro,2
Mixed Medley,151,Large Bell Pepper,1
Mixed Medley,151,Corn,3
Mixed Medley,151,Salad Blend Lettuce,1
Mixed Medley,151,Deep Purple Carrot,1
Mixed Medley,152,Zucchini,1
Mixed Medley,152,Orange Calendula,4
Mixed Medley,152,Golden Sunflower,1
Mixed Medley,153,Lemon Cucumber,1
Mixed Medley,153,Orange Calendula,3
Mixed Medley,153,Dragon Carrot,2
Salad Ballad,169,Salad Blend Lettuce,5
Salad Ballad,169,Fall Carrot,1
Salad Ballad,169,Borage,1
Salad Ballad,169,Jalapeno Pepper,1
Mixed Medley,154,Mini Sweet Pepper,1
Mixed Medley,154,Thyme,5
Mixed Medley,155,Lemon Cucumber,1
Mixed Medley,155,Tangerine Gem Marigold,2
Mixed Medley,155,Golden Sunflower,3
Huge Harvest,155,Mini Sweet Pepper,2
Huge Harvest,155,Scallions,2
Salad Ballad,170,Jalapeno Pepper,3
Salad Ballad,170,Dark Orange Marigold,1
Salad Ballad,170,Spinach,1
Salad Ballad,170,Cayenne Pepper,1
Salad Ballad,170,French Green Bean,1
Salad Ballad,170,Watermelon Radish,1
Huge Harvest,156,Broccoli,2
Huge Harvest,156,Mustard,2
Salad Ballad,171,Eggplant,2
Salad Ballad,171,Golden Sunflower,3
Salad Ballad,171,Kale,1
Salad Ballad,171,Buzz Buttons,2
Salad Ballad,172,Rainbow Chard,4
Salad Ballad,172,Deep Purple Carrot,1
Salad Ballad,172,Buzz Buttons,1
Salad Ballad,172,Fall Carrot,1
Salad Ballad,172,Strawberry Blonde Sunflower,1
Salad Ballad,173,Dill,5
Salad Ballad,173,Salad Blend Lettuce,1
Salad Ballad,173,Spring Carrot,2
Mixed Medley,156,Lemon Cucumber,1
Mixed Medley,156,Cilantro,3
Mixed Medley,156,Beets,1
Mixed Medley,156,Salad Blend Lettuce,1
Mixed Medley,157,Husk Cherry,1
Mixed Medley,157,Sage,3
Mixed Medley,157,Cilantro,2
Huge Harvest,157,Heirloom Medium Red Tomato,2
Huge Harvest,157,Fennel,2
Huge Harvest,158,Tomatillo,2
Huge Harvest,158,Dragon Bean,2
Mixed Medley,158,Glacier Tomato,1
Mixed Medley,158,Shishito Pepper,3
Mixed Medley,158,Butterhead Lettuce,1
Mixed Medley,158,French Breakfast Radish,1
Huge Harvest,159,Yellow Squash,2
Huge Harvest,159,Orange Calendula,2
Salad Ballad,174,Strawberry Blonde Sunflower,4
Salad Ballad,174,Kale,1
Salad Ballad,174,Fennel,1
Salad Ballad,174,Butterhead Lettuce,1
Salad Ballad,174,Salad Blend Lettuce,1
Mixed Medley,159,Cucumber,1
Mixed Medley,159,Kale,5
Mixed Medley,160,Mini Sweet Pepper,1
Mixed Medley,160,French Green Bean,2
Mixed Medley,160,Sage,3
Salad Ballad,175,Salad Blend Lettuce,3
Salad Ballad,175,Dill,1
Salad Ballad,175,Mustard,2
Salad Ballad,175,Cilantro,1
Salad Ballad,175,Chives,1
Mixed Medley,161,Cauliflower,1
Mixed Medley,161,Dragon Bean,3
Mixed Medley,161,Rainbow Chard,1
Mixed Medley,161,Mustard,1
Mixed Medley,162,Heirloom Medium Red Tomato,1
Mixed Medley,162,Jalapeno Pepper,1
Mixed Medley,162,Chives,4
Mixed Medley,163,Cauliflower,1
Mixed Medley,163,Dill,3
Mixed Medley,163,French Breakfast Radish,1
Mixed Medley,163,Deep Purple Carrot,1
Mixed Medley,164,Baby Watermelon,1
Mixed Medley,164,Watermelon Radish,4
Mixed Medley,164,Beets,1
Salad Ballad,176,Mustard,4
Salad Ballad,176,Salad Blend Lettuce,1
Salad Ballad,176,Edamame,2
Salad Ballad,176,Golden Sunflower,1
Huge Harvest,160,Zucchini,2
Huge Harvest,160,Eggplant,2
Huge Harvest,161,Cucumber,2
Huge Harvest,161,Deep Purple Carrot,2
Salad Ballad,177,Fennel,3
Salad Ballad,177,Spinach,2
Salad Ballad,177,French Green Bean,1
Salad Ballad,177,Dragon Bean,1
Salad Ballad,177,Edamame,1
Mixed Medley,165,Racer Pumpkin,1
Mixed Medley,165,Spring Carrot,3
Mixed Medley,165,Fennel,1
Mixed Medley,165,Beets,1
Huge Harvest,162,Racer Pumpkin,2
Huge Harvest,162,Shishito Pepper,2
Huge Harvest,163,Tomatillo,2
Huge Harvest,163,Eggplant,2
Salad Ballad,178,Mustard,4
Salad Ballad,178,Shishito Pepper,1
Salad Ballad,178,Basil,1
Salad Ballad,178,Cilantro,1
Salad Ballad,178,Butterhead Lettuce,1
Huge Harvest,164,Sun Gold Cherry Tomato,1
Huge Harvest,164,Spaghetti Squash,1
Huge Harvest,164,Deep Purple Carrot,2
Salad Ballad,179,Edamame,4
Salad Ballad,179,Cucamelon,2
Salad Ballad,179,Rainbow Chard,1
Salad Ballad,179,Dragon Bean,1
Salad Ballad,180,Strawberry Blonde Sunflower,6
Salad Ballad,180,Fall Carrot,1
Salad Ballad,180,Dragon Carrot,1
Salad Ballad,181,Salad Blend Lettuce,3
Salad Ballad,181,Fall Carrot,2
Salad Ballad,181,Tangerine Gem Marigold,1
Salad Ballad,181,Golden Sunflower,1
Salad Ballad,181,Strawberry Blonde Sunflower,1
Huge Harvest,165,Mini Sweet Pepper,2
Huge Harvest,165,Dragon Carrot,1
Huge Harvest,165,Dark Orange Marigold,1
Mixed Medley,166,Baby Watermelon,1
Mixed Medley,166,Chives,3
Mixed Medley,166,Suger Snap Pea,1
Mixed Medley,166,Jalapeno Pepper,1
Huge Harvest,166,Cantaloupe,2
Huge Harvest,166,Deep Purple Carrot,2
Salad Ballad,182,Watermelon Radish,5
Salad Ballad,182,Orange Calendula,1
Salad Ballad,182,Deep Purple Carrot,1
Salad Ballad,182,Cilantro,1
Huge Harvest,167,Baby Watermelon,2
Huge Harvest,167,Shishito Pepper,1
Huge Harvest,167,Scallions,1
Huge Harvest,168,Cauliflower,2
Huge Harvest,168,Provider Bush Bean,1
Huge Harvest,168,French Green Bean,1
Huge Harvest,169,Spaghetti Squash,2
Huge Harvest,169,French Breakfast Radish,2
Mixed Medley,167,Mini Sweet Pepper,1
Mixed Medley,167,Sage,3
Mixed Medley,167,Dill,1
Mixed Medley,167,Dark Orange Marigold,1
Salad Ballad,183,Broccolini,3
Salad Ballad,183,Sage,2
Salad Ballad,183,Giant Purple Zinnia,1
Salad Ballad,183,Borage,1
Salad Ballad,183,Shishito Pepper,1
Mixed Medley,168,Mini Sweet Pepper,1
Mixed Medley,168,French Breakfast Radish,3
Mixed Medley,168,Watermelon Radish,1
Mixed Medley,168,Strawberry Blonde Sunflower,1
Salad Ballad,184,Kale,5
Salad Ballad,184,Beets,1
Salad Ballad,184,Giant Purple Zinnia,1
Salad Ballad,184,French Breakfast Radish,1
Salad Ballad,185,Dark Orange Marigold,3
Salad Ballad,185,Suger Snap Pea,2
Salad Ballad,185,Eggplant,1
Salad Ballad,185,Dragon Carrot,2
Mixed Medley,169,Racer Pumpkin,1
Mixed Medley,169,Borage,4
Mixed Medley,169,Mustard,1
Salad Ballad,186,Salad Blend Lettuce,4
Salad Ballad,186,Borage,1
Salad Ballad,186,Basil,1
Salad Ballad,186,Deep Purple Carrot,1
Salad Ballad,186,Cilantro,1
Huge Harvest,170,Zucchini,2
Huge Harvest,170,Parsley,2
Mixed Medley,170,Zucchini,1
Mixed Medley,170,Sage,5
Huge Harvest,171,Lemon Cucumber,2
Huge Harvest,171,Orange Calendula,2
Salad Ballad,187,Salad Blend Lettuce,3
Salad Ballad,187,Cucamelon,1
Salad Ballad,187,Tangerine Gem Marigold,2
Salad Ballad,187,Spring Carrot,1
Salad Ballad,187,Eggplant,1
Salad Ballad,188,Watermelon Radish,2
Salad Ballad,188,Cucamelon,1
Salad Ballad,188,Butterhead Lettuce,1
Salad Ballad,188,Dark Orange Marigold,1
Salad Ballad,188,Sage,2
Salad Ballad,188,Basil,1
Huge Harvest,172,Sun Gold Cherry Tomato,2
Huge Harvest,172,Chives,2
Huge Harvest,173,Sun Gold Cherry Tomato,2
Huge Harvest,173,Spinach,2
Mixed Medley,171,Cucumber,1
Mixed Medley,171,Giant Purple Zinnia,5
Salad Ballad,189,Cilantro,4
Salad Ballad,189,Jalapeno Pepper,1
Salad Ballad,189,Orange Calendula,1
Salad Ballad,189,Mustard,1
Salad Ballad,189,French Breakfast Radish,1
Huge Harvest,174,Husk Cherry,2
Huge Harvest,174,Parsley,2
Salad Ballad,190,Parsley,4
Salad Ballad,190,Eggplant,1
Salad Ballad,190,Edamame,1
Salad Ballad,190,French Breakfast Radish,1
Salad Ballad,190,Fennel,1
Huge Harvest,175,Cucumber,2
Huge Harvest,175,French Breakfast Radish,2
Huge Harvest,176,Zucchini,2
Huge Harvest,176,Watermelon Radish,1
Huge Harvest,176,Giant Purple Zinnia,1
Huge Harvest,177,Mini Sweet Pepper,2
Huge Harvest,177,Salad Blend Lettuce,2
Huge Harvest,178,Sun Gold Cherry Tomato,1
Huge Harvest,178,Broccoli,1
Huge Harvest,178,Shishito Pepper,2
Mixed Medley,172,Baby Watermelon,1
Mixed Medley,172,Salad Blend Lettuce,3
Mixed Medley,172,Spinach,2
Mixed Medley,173,Husk Cherry,1
Mixed Medley,173,Arugula,2
Mixed Medley,173,Edamame,1
Mixed Medley,173,Mustard,1
Mixed Medley,173,Spring Carrot,1
Huge Harvest,179,Cucumber,2
Huge Harvest,179,Spinach,2
Huge Harvest,180,Racer Pumpkin,2
Huge Harvest,180,Corn,2
Mixed Medley,174,Lemon Cucumber,1
Mixed Medley,174,Dill,4
Mixed Medley,174,Orange Calendula,1
Huge Harvest,181,Baby Watermelon,2
Huge Harvest,181,Eggplant,2
Huge Harvest,182,Heirloom Medium Red Tomato,2
Huge Harvest,182,Cayenne Pepper,1
Huge Harvest,182,Edamame,1
Salad Ballad,191,French Green Bean,3
Salad Ballad,191,Cayenne Pepper,1
Salad Ballad,191,Strawberry Blonde Sunflower,1
Salad Ballad,191,Cilantro,1
Salad Ballad,191,Eggplant,1
Salad Ballad,191,Giant Purple Zinnia,1
Mixed Medley,175,Yellow Squash,1
Mixed Medley,175,Tangerine Gem Marigold,5
Huge Harvest,183,Cauliflower,2
Huge Harvest,183,Jalapeno Pepper,2
Salad Ballad,192,Tangerine Gem Marigold,4
Salad Ballad,192,Parsley,2
Salad Ballad,192,Mustard,2
Salad Ballad,193,Arugula,4
Salad Ballad,193,Jalapeno Pepper,1
Salad Ballad,193,Fall Carrot,1
Salad Ballad,193,Eggplant,1
Salad Ballad,193,Edamame,1
Mixed Medley,176,Broccoli,1
Mixed Medley,176,Butterhead Lettuce,3
Mixed Medley,176,Kale,2
Huge Harvest,184,Cauliflower,2
Huge Harvest,184,Corn,2
Salad Ballad,194,Edamame,4
Salad Ballad,194,Dill,1
Salad Ballad,194,Corn,2
Salad Ballad,194,Suger Snap Pea,1
Salad Ballad,195,Arugula,3
Salad Ballad,195,Cucamelon,2
Salad Ballad,195,Dragon Bean,1
Salad Ballad,195,Thyme,2
Huge Harvest,185,Glacier Tomato,2
Huge Harvest,185,Broccolini,2
Mixed Medley,177,Nastrutium,1
Mixed Medley,177,Provider Bush Bean,2
Mixed Medley,177,Dragon Bean,1
Mixed Medley,177,Spinach,1
Mixed Medley,177,Basil,1
Mixed Medley,178,Spaghetti Squash,1
Mixed Medley,178,Thyme,2
Mixed Medley,178,Strawberry Blonde Sunflower,1
Mixed Medley,178,Dragon Bean,2
Salad Ballad,196,Suger Snap Pea,4
Salad Ballad,196,Spinach,1
Salad Ballad,196,Deep Purple Carrot,1
Salad Ballad,196,Golden Sunflower,1
Salad Ballad,196,Dragon Bean,1
Huge Harvest,186,Nastrutium,2
Huge Harvest,186,Spinach,1
Huge Harvest,186,Jalapeno Pepper,1
Salad Ballad,197,Orange Calendula,3
Salad Ballad,197,Dill,2
Salad Ballad,197,Dragon Bean,1
Salad Ballad,197,Mustard,1
Salad Ballad,197,Beets,1
Mixed Medley,179,Broccoli,1
Mixed Medley,179,Eggplant,3
Mixed Medley,179,Spinach,2
Mixed Medley,180,Cauliflower,1
Mixed Medley,180,Tangerine Gem Marigold,5
Huge Harvest,187,Racer Pumpkin,2
Huge Harvest,187,Deep Purple Carrot,2
Salad Ballad,198,Shishito Pepper,3
Salad Ballad,198,Strawberry Blonde Sunflower,1
Salad Ballad,198,Giant Purple Zinnia,1
Salad Ballad,198,Jalapeno Pepper,1
Salad Ballad,198,Salad Blend Lettuce,1
Salad Ballad,198,Borage,1
Salad Ballad,199,Kale,5
Salad Ballad,199,Strawberry Blonde Sunflower,1
Salad Ballad,199,Parsley,1
Salad Ballad,199,Scallions,1
Mixed Medley,181,Cantaloupe,1
Mixed Medley,181,Jalapeno Pepper,1
Mixed Medley,181,Rainbow Chard,2
Mixed Medley,181,Butterhead Lettuce,2
Huge Harvest,188,Heirloom Medium Red Tomato,2
Huge Harvest,188,Corn,1
Huge Harvest,188,Basil,1
Huge Harvest,189,Mini Sweet Pepper,2
Huge Harvest,189,Broccolini,2
Mixed Medley,182,Sun Gold Cherry Tomato,1
Mixed Medley,182,Borage,5
Mixed Medley,183,Baby Watermelon,1
Mixed Medley,183,Shishito Pepper,5
Mixed Medley,184,Large Bell Pepper,1
Mixed Medley,184,Fennel,5
Salad Ballad,200,Scallions,4
Salad Ballad,200,Corn,1
Salad Ballad,200,Tangerine Gem Marigold,1
Salad Ballad,200,Mustard,1
Salad Ballad,200,Dill,1
Mixed Medley,185,Cauliflower,1
Mixed Medley,185,Thyme,2
Mixed Medley,185,Buzz Buttons,1
Mixed Medley,185,French Green Bean,1
Mixed Medley,185,Golden Sunflower,1
Huge Harvest,190,Sun Gold Cherry Tomato,2
Huge Harvest,190,Kale,2
Salad Ballad,201,Jalapeno Pepper,4
Salad Ballad,201,Cayenne Pepper,1
Salad Ballad,201,Orange Calendula,1
Salad Ballad,201,Scallions,1
Salad Ballad,201,Watermelon Radish,1
Huge Harvest,191,Yellow Squash,2
Huge Harvest,191,Golden Sunflower,2
Mixed Medley,186,Husk Cherry,1
Mixed Medley,186,Scallions,2
Mixed Medley,186,Arugula,2
Mixed Medley,186,Suger Snap Pea,1
Salad Ballad,202,Beets,6
Salad Ballad,202,Cayenne Pepper,1
Salad Ballad,202,Jalapeno Pepper,1
Salad Ballad,203,Basil,2
Salad Ballad,203,Scallions,1
Salad Ballad,203,Orange Calendula,1
Salad Ballad,203,Deep Purple Carrot,2
Salad Ballad,203,Sage,2
Huge Harvest,192,Cucumber,2
Huge Harvest,192,Edamame,1
Huge Harvest,192,Eggplant,1
Huge Harvest,193,Tomatillo,2
Huge Harvest,193,Arugula,1
Huge Harvest,193,French Green Bean,1
Mixed Medley,187,Baby Watermelon,1
Mixed Medley,187,Eggplant,2
Mixed Medley,187,Fennel,3
Mixed Medley,188,Cucumber,1
Mixed Medley,188,French Breakfast Radish,5
Mixed Medley,189,Cucumber,1
Mixed Medley,189,Orange Calendula,2
Mixed Medley,189,Basil,1
Mixed Medley,189,Cilantro,2
Mixed Medley,190,Yellow Squash,1
Mixed Medley,190,Scallions,3
Mixed Medley,190,Suger Snap Pea,2
Mixed Medley,191,Husk Cherry,1
Mixed Medley,191,Dill,3
Mixed Medley,191,Dark Orange Marigold,2
Salad Ballad,204,French Green Bean,5
Salad Ballad,204,Kale,1
Salad Ballad,204,Dill,1
Salad Ballad,204,Dark Orange Marigold,1
Salad Ballad,205,Rainbow Chard,5
Salad Ballad,205,Borage,2
Salad Ballad,205,Edamame,1
Mixed Medley,192,Baby Watermelon,1
Mixed Medley,192,Spinach,2
Mixed Medley,192,Tangerine Gem Marigold,3
Salad Ballad,206,Dragon Bean,3
Salad Ballad,206,Edamame,1
Salad Ballad,206,Cayenne Pepper,1
Salad Ballad,206,Eggplant,1
Salad Ballad,206,Basil,2
Huge Harvest,194,Glacier Tomato,2
Huge Harvest,194,Arugula,1
Huge Harvest,194,Basil,1
Huge Harvest,195,Racer Pumpkin,2
Huge Harvest,195,Shishito Pepper,2
Huge Harvest,196,Racer Pumpkin,2
Huge Harvest,196,Basil,1
Huge Harvest,196,Thyme,1
Mixed Medley,193,Lemon Cucumber,1
Mixed Medley,193,Spinach,3
Mixed Medley,193,Thyme,2
Salad Ballad,207,Dark Orange Marigold,2
Salad Ballad,207,Butterhead Lettuce,2
Salad Ballad,207,Buzz Buttons,1
Salad Ballad,207,Rainbow Chard,1
Salad Ballad,207,Broccolini,2
Salad Ballad,208,Basil,5
Salad Ballad,208,Suger Snap Pea,1
Salad Ballad,208,Broccolini,1
Salad Ballad,208,Jalapeno Pepper,1
Huge Harvest,197,Sun Gold Cherry Tomato,2
Huge Harvest,197,Spring Carrot,2
Mixed Medley,194,Heirloom Medium Red Tomato,1
Mixed Medley,194,Dark Orange Marigold,5
Salad Ballad,209,French Breakfast Radish,4
Salad Ballad,209,Dragon Bean,1
Salad Ballad,209,Arugula,1
Salad Ballad,209,Fall Carrot,1
Salad Ballad,209,Golden Sunflower,1
Mixed Medley,195,Heirloom Medium Red Tomato,1
Mixed Medley,195,Dragon Bean,2
Mixed Medley,195,Broccolini,1
Mixed Medley,195,Fall Carrot,1
Mixed Medley,195,Shishito Pepper,1
Huge Harvest,198,Baby Watermelon,2
Huge Harvest,198,Sage,2
Mixed Medley,196,Lemon Cucumber,1
Mixed Medley,196,Spring Carrot,4
Mixed Medley,196,Shishito Pepper,1
Salad Ballad,210,Dark Orange Marigold,3
Salad Ballad,210,Edamame,2
Salad Ballad,210,Strawberry Blonde Sunflower,1
Salad Ballad,210,Spring Carrot,1
Salad Ballad,210,Watermelon Radish,1
Salad Ballad,211,Strawberry Blonde Sunflower,2
Salad Ballad,211,Butterhead Lettuce,2
Salad Ballad,211,Dragon Carrot,2
Salad Ballad,211,Chives,2
Mixed Medley,197,Tomatillo,1
Mixed Medley,197,Dill,3
Mixed Medley,197,Chives,1
Mixed Medley,197,Strawberry Blonde Sunflower,1
Mixed Medley,198,Cantaloupe,1
Mixed Medley,198,French Breakfast Radish,5
Huge Harvest,199,Husk Cherry,2
Huge Harvest,199,Salad Blend Lettuce,2
Salad Ballad,212,Corn,5
Salad Ballad,212,Spring Carrot,1
Salad Ballad,212,Dill,2
Salad Ballad,213,Golden Sunflower,3
Salad Ballad,213,Tangerine Gem Marigold,1
Salad Ballad,213,Orange Calendula,1
Salad Ballad,213,Spinach,1
Salad Ballad,213,Salad Blend Lettuce,1
Salad Ballad,213,Broccolini,1
Huge Harvest,200,Cantaloupe,1
Huge Harvest,200,Zucchini,1
Huge Harvest,200,Mustard,2
Mixed Medley,199,Cauliflower,1
Mixed Medley,199,Jalapeno Pepper,3
Mixed Medley,199,Giant Purple Zinnia,1
Mixed Medley,199,Dark Orange Marigold,1
Mixed Medley,200,Heirloom Medium Red Tomato,1
Mixed Medley,200,Spinach,5
Huge Harvest,201,Yellow Squash,2
Huge Harvest,201,Scallions,2
Salad Ballad,214,Corn,3
Salad Ballad,214,Orange Calendula,1
Salad Ballad,214,Provider Bush Bean,1
Salad Ballad,214,Dragon Bean,1
Salad Ballad,214,Beets,1
Salad Ballad,214,Rainbow Chard,1
Huge Harvest,202,Nastrutium,2
Huge Harvest,202,Tangerine Gem Marigold,1
Huge Harvest,202,Basil,1
Huge Harvest,203,Husk Cherry,2
Huge Harvest,203,Edamame,2
Huge Harvest,204,Racer Pumpkin,2
Huge Harvest,204,Strawberry Blonde Sunflower,2
Huge Harvest,205,Husk Cherry,1
Huge Harvest,205,Heirloom Medium Red Tomato,1
Huge Harvest,205,Mustard,2
Salad Ballad,215,Buzz Buttons,4
Salad Ballad,215,Edamame,1
Salad Ballad,215,Deep Purple Carrot,1
Salad Ballad,215,Strawberry Blonde Sunflower,2
Huge Harvest,206,Broccoli,2
Huge Harvest,206,Strawberry Blonde Sunflower,2
Huge Harvest,207,Sun Gold Cherry Tomato,1
Huge Harvest,207,Nastrutium,1
Huge Harvest,207,Orange Calendula,2
Salad Ballad,216,Arugula,3
Salad Ballad,216,Chives,2
Salad Ballad,216,Giant Purple Zinnia,1
Salad Ballad,216,Deep Purple Carrot,2
Salad Ballad,217,Chives,4
Salad Ballad,217,Thyme,1
Salad Ballad,217,Dark Orange Marigold,1
Salad Ballad,217,Giant Purple Zinnia,1
Salad Ballad,217,Deep Purple Carrot,1
Mixed Medley,201,Large Bell Pepper,1
Mixed Medley,201,Shishito Pepper,5
Huge Harvest,208,Spaghetti Squash,2
Huge Harvest,208,Watermelon Radish,1
Huge Harvest,208,Spring Carrot,1
Salad Ballad,218,Thyme,4
Salad Ballad,218,Scallions,1
Salad Ballad,218,Basil,2
Salad Ballad,218,Butterhead Lettuce,1
Mixed Medley,202,Spaghetti Squash,1
Mixed Medley,202,Basil,5
Mixed Medley,203,Cantaloupe,1
Mixed Medley,203,Spring Carrot,1
Mixed Medley,203,Deep Purple Carrot,2
Mixed Medley,203,Basil,2
Huge Harvest,209,Large Bell Pepper,1
Huge Harvest,209,Cantaloupe,1
Huge Harvest,209,Parsley,2
Huge Harvest,210,Cucumber,2
Huge Harvest,210,Spinach,1
Huge Harvest,210,Watermelon Radish,1
Mixed Medley,204,Heirloom Medium Red Tomato,1
Mixed Medley,204,Cayenne Pepper,3
Mixed Medley,204,Spinach,1
Mixed Medley,204,Beets,1
Mixed Medley,205,Glacier Tomato,1
Mixed Medley,205,Spinach,2
Mixed Medley,205,Jalapeno Pepper,1
Mixed Medley,205,Dark Orange Marigold,2
Salad Ballad,219,Deep Purple Carrot,4
Salad Ballad,219,Mustard,1
Salad Ballad,219,Kale,1
Salad Ballad,219,Rainbow Chard,1
Salad Ballad,219,Tangerine Gem Marigold,1
Huge Harvest,211,Lemon Cucumber,2
Huge Harvest,211,Cayenne Pepper,2
Mixed Medley,206,Yellow Squash,1
Mixed Medley,206,Fall Carrot,4
Mixed Medley,206,Arugula,1
Salad Ballad,220,Cucamelon,3
Salad Ballad,220,Basil,1
Salad Ballad,220,Shishito Pepper,1
Salad Ballad,220,Golden Sunflower,1
Salad Ballad,220,Deep Purple Carrot,2
Huge Harvest,212,Cantaloupe,2
Huge Harvest,212,Golden Sunflower,1
Huge Harvest,212,Rainbow Chard,1
Salad Ballad,221,Deep Purple Carrot,4
Salad Ballad,221,Fall Carrot,1
Salad Ballad,221,Corn,1
Salad Ballad,221,Buzz Buttons,1
Salad Ballad,221,French Green Bean,1
Salad Ballad,222,Cucamelon,4
Salad Ballad,222,Fall Carrot,1
Salad Ballad,222,Corn,1
Salad Ballad,222,Provider Bush Bean,1
Salad Ballad,222,Kale,1
Huge Harvest,213,Nastrutium,2
Huge Harvest,213,Mustard,2
Salad Ballad,223,Spring Carrot,4
Salad Ballad,223,Deep Purple Carrot,2
Salad Ballad,223,Beets,1
Salad Ballad,223,Provider Bush Bean,1
Huge Harvest,214,Baby Watermelon,2
Huge Harvest,214,Broccolini,2
Huge Harvest,215,Husk Cherry,2
Huge Harvest,215,Dragon Bean,2
Mixed Medley,207,Broccoli,1
Mixed Medley,207,Buzz Buttons,5
Salad Ballad,224,Broccolini,3
Salad Ballad,224,Dark Orange Marigold,1
Salad Ballad,224,Rainbow Chard,2
Salad Ballad,224,Parsley,2
Huge Harvest,216,Yellow Squash,2
Huge Harvest,216,Scallions,2
Mixed Medley,208,Broccoli,1
Mixed Medley,208,Cucamelon,2
Mixed Medley,208,Eggplant,2
Mixed Medley,208,Jalapeno Pepper,1
Salad Ballad,225,Deep Purple Carrot,4
Salad Ballad,225,Borage,1
Salad Ballad,225,Giant Purple Zinnia,2
Salad Ballad,225,Jalapeno Pepper,1
Salad Ballad,226,Kale,2
Salad Ballad,226,Beets,2
Salad Ballad,226,Orange Calendula,2
Salad Ballad,226,Rainbow Chard,2
Mixed Medley,209,Broccoli,1
Mixed Medley,209,Giant Purple Zinnia,2
Mixed Medley,209,Butterhead Lettuce,3
Salad Ballad,227,Parsley,5
Salad Ballad,227,Dragon Carrot,1
Salad Ballad,227,Edamame,1
Salad Ballad,227,Strawberry Blonde Sunflower,1
Huge Harvest,217,Zucchini,2
Huge Harvest,217,Salad Blend Lettuce,1
Huge Harvest,217,Shishito Pepper,1
Salad Ballad,228,Watermelon Radish,3
Salad Ballad,228,Dark Orange Marigold,1
Salad Ballad,228,Spinach,2
Salad Ballad,228,Dragon Bean,2
Mixed Medley,210,Cantaloupe,1
Mixed Medley,210,Chives,5
Mixed Medley,211,Yellow Squash,1
Mixed Medley,211,Fennel,4
Mixed Medley,211,Thyme,1
Mixed Medley,212,Large Bell Pepper,1
Mixed Medley,212,Dragon Bean,2
Mixed Medley,212,Dill,1
Mixed Medley,212,Fall Carrot,2
Mixed Medley,213,Spaghetti Squash,1
Mixed Medley,213,Dragon Bean,5
Huge Harvest,218,Lemon Cucumber,2
Huge Harvest,218,Fall Carrot,2
Mixed Medley,214,Cauliflower,1
Mixed Medley,214,Butterhead Lettuce,4
Mixed Medley,214,Borage,1
Salad Ballad,229,Orange Calendula,3
Salad Ballad,229,Edamame,1
Salad Ballad,229,Spring Carrot,1
Salad Ballad,229,Dragon Carrot,1
Salad Ballad,229,Buzz Buttons,2
Huge Harvest,219,Large Bell Pepper,2
Huge Harvest,219,Provider Bush Bean,2
Huge Harvest,220,Large Bell Pepper,2
Huge Harvest,220,Edamame,2
Salad Ballad,230,Suger Snap Pea,4
Salad Ballad,230,Thyme,1
Salad Ballad,230,Giant Purple Zinnia,1
Salad Ballad,230,Strawberry Blonde Sunflower,2
Huge Harvest,221,Cauliflower,2
Huge Harvest,221,Suger Snap Pea,2
Huge Harvest,222,Zucchini,2
Huge Harvest,222,Fall Carrot,2
Mixed Medley,215,Nastrutium,1
Mixed Medley,215,Dill,2
Mixed Medley,215,Dragon Bean,3
Salad Ballad,231,Spinach,2
Salad Ballad,231,Sage,2
Salad Ballad,231,Beets,1
Salad Ballad,231,Scallions,2
Salad Ballad,231,Tangerine Gem Marigold,1
Huge Harvest,223,Sun Gold Cherry Tomato,1
Huge Harvest,223,Large Bell Pepper,1
Huge Harvest,223,Arugula,1
Huge Harvest,223,French Breakfast Radish,1
Huge Harvest,224,Mini Sweet Pepper,2
Huge Harvest,224,Golden Sunflower,2
Huge Harvest,225,Heirloom Medium Red Tomato,2
Huge Harvest,225,Kale,2
Huge Harvest,226,Racer Pumpkin,2
Huge Harvest,226,Giant Purple Zinnia,2
Salad Ballad,232,Deep Purple Carrot,5
Salad Ballad,232,Fall Carrot,1
Salad Ballad,232,Chives,2
Mixed Medley,216,Cucumber,1
Mixed Medley,216,Fall Carrot,2
Mixed Medley,216,Cayenne Pepper,1
Mixed Medley,216,Fennel,2
Mixed Medley,217,Nastrutium,1
Mixed Medley,217,Borage,4
Mixed Medley,217,Arugula,1
Mixed Medley,218,Racer Pumpkin,1
Mixed Medley,218,Arugula,3
Mixed Medley,218,Strawberry Blonde Sunflower,1
Mixed Medley,218,Watermelon Radish,1
Huge Harvest,227,Mini Sweet Pepper,2
Huge Harvest,227,Buzz Buttons,1
Huge Harvest,227,Fennel,1
Huge Harvest,228,Cauliflower,2
Huge Harvest,228,Eggplant,2
Huge Harvest,229,Husk Cherry,2
Huge Harvest,229,Chives,2
Mixed Medley,219,Mini Sweet Pepper,1
Mixed Medley,219,Salad Blend Lettuce,5
Salad Ballad,233,Mustard,3
Salad Ballad,233,Golden Sunflower,1
Salad Ballad,233,Edamame,2
Salad Ballad,233,Shishito Pepper,1
Salad Ballad,233,Dragon Carrot,1
Salad Ballad,234,Arugula,3
Salad Ballad,234,Dark Orange Marigold,1
Salad Ballad,234,Shishito Pepper,1
Salad Ballad,234,Cilantro,1
Salad Ballad,234,Strawberry Blonde Sunflower,1
Salad Ballad,234,Parsley,1
Huge Harvest,230,Zucchini,2
Huge Harvest,230,Broccolini,2
Salad Ballad,235,Shishito Pepper,4
Salad Ballad,235,Kale,2
Salad Ballad,235,Jalapeno Pepper,1
Salad Ballad,235,Sage,1
Salad Ballad,236,Dragon Carrot,4
Salad Ballad,236,Giant Purple Zinnia,1
Salad Ballad,236,Cayenne Pepper,1
Salad Ballad,236,Mustard,1
Salad Ballad,236,Shishito Pepper,1
Salad Ballad,237,Chives,3
Salad Ballad,237,Borage,1
Salad Ballad,237,French Green Bean,1
Salad Ballad,237,Dill,1
Salad Ballad,237,Kale,1
Salad Ballad,237,Rainbow Chard,1
Salad Ballad,238,Scallions,4
Salad Ballad,238,Provider Bush Bean,1
Salad Ballad,238,Suger Snap Pea,1
Salad Ballad,238,Golden Sunflower,1
Salad Ballad,238,Deep Purple Carrot,1
Mixed Medley,220,Cucumber,1
Mixed Medley,220,Giant Purple Zinnia,4
Mixed Medley,220,Salad Blend Lettuce,1
Mixed Medley,221,Sun Gold Cherry Tomato,1
Mixed Medley,221,Chives,5
Huge Harvest,231,Heirloom Medium Red Tomato,2
Huge Harvest,231,Dragon Bean,2
Huge Harvest,232,Cauliflower,2
Huge Harvest,232,Dark Orange Marigold,2
Mixed Medley,222,Sun Gold Cherry Tomato,1
Mixed Medley,222,Beets,3
Mixed Medley,222,Cayenne Pepper,2
