Salad Ballad,1,2,3
Mixed Medley,1,3,4
Salad Ballad,2,5,2
Huge Harvest,1,6,4
Salad Ballad,3,7,6
Salad Ballad,4,8,6
Huge Harvest,2,8,2
Huge Harvest,3,9,5
Mixed Medley,2,14,4
Mixed Medley,3,14,1
Huge Harvest,4,15,3
Huge Harvest,5,16,4
Mixed Medley,4,17,2
Mixed Medley,5,18,3
Salad Ballad,5,19,2
Salad Ballad,6,20,6
Mixed Medley,6,20,2
Salad Ballad,7,21,3
Salad Ballad,8,21,4
Mixed Medley,7,21,3
Huge Harvest,6,22,3
Salad Ballad,9,23,2
Huge Harvest,7,25,2
Salad Ballad,10,25,6
Huge Harvest,8,25,2
Mixed Medley,8,25,6
Salad Ballad,11,26,3
Mixed Medley,9,26,4
Salad Ballad,12,28,6
Salad Ballad,13,29,6
Huge Harvest,9,29,9
Mixed Medley,10,30,2
Salad Ballad,14,30,2
Salad Ballad,15,30,3
Huge Harvest,10,31,4
Huge Harvest,11,33,3
Salad Ballad,16,34,3
Salad Ballad,17,36,4
Huge Harvest,12,39,4
Salad Ballad,18,41,3
Mixed Medley,11,42,4
Salad Ballad,19,43,8
Huge Harvest,13,45,2
Mixed Medley,12,46,5
Huge Harvest,14,46,2
Mixed Medley,13,46,4
Salad Ballad,20,47,3
Huge Harvest,15,49,3
Huge Harvest,16,49,3
Huge Harvest,17,51,11
Salad Ballad,21,51,2
Mixed Medley,14,54,3
Huge Harvest,18,54,2
Huge Harvest,19,55,7
Huge Harvest,20,55,2
Mixed Medley,15,55,2
Mixed Medley,16,56,4
Mixed Medley,17,58,2
Mixed Medley,18,59,5
Mixed Medley,19,59,3
Huge Harvest,21,59,3
Mixed Medley,20,60,2
Huge Harvest,22,61,4
Huge Harvest,23,63,5
Huge Harvest,24,64,6
Huge Harvest,25,69,3
Mixed Medley,21,71,6
Salad Ballad,22,72,2
Salad Ballad,23,75,2
Huge Harvest,26,76,2
Huge Harvest,27,79,3
Huge Harvest,28,81,2
Salad Ballad,24,81,3
Salad Ballad,25,82,10
Salad Ballad,26,83,2
Mixed Medley,22,86,3
Salad Ballad,27,91,5
Huge Harvest,29,92,2
Mixed Medley,23,93,3
Huge Harvest,30,96,5
Salad Ballad,28,96,2
Salad Ballad,29,98,2
Mixed Medley,24,100,4
Mixed Medley,25,100,8
Huge Harvest,31,102,3
Mixed Medley,26,102,3
Salad Ballad,30,107,3
Huge Harvest,32,107,3
Mixed Medley,27,108,3
Salad Ballad,31,110,4
Mixed Medley,28,111,4
Salad Ballad,32,114,3
Mixed Medley,29,116,2
Huge Harvest,33,117,3
Huge Harvest,34,117,6
Mixed Medley,30,117,1
Salad Ballad,33,118,3
Huge Harvest,35,118,3
Salad Ballad,34,119,1
Huge Harvest,36,119,5
Huge Harvest,37,119,3
Salad Ballad,35,119,2
Salad Ballad,36,120,1
Mixed Medley,31,121,2
Salad Ballad,37,122,5
Salad Ballad,38,122,5
Mixed Medley,32,123,6
Mixed Medley,33,125,3
Salad Ballad,39,125,9
Salad Ballad,40,127,2
Huge Harvest,38,127,6
Mixed Medley,34,129,1
Salad Ballad,41,129,3
Mixed Medley,35,129,3
Huge Harvest,39,131,4
Mixed Medley,36,131,4
Salad Ballad,42,132,3
Huge Harvest,40,133,4
Salad Ballad,43,133,4
Salad Ballad,44,133,1
Huge Harvest,41,133,4
Salad Ballad,45,136,2
Mixed Medley,37,136,5
Huge Harvest,42,137,2
Salad Ballad,46,137,3
Huge Harvest,43,138,3
Mixed Medley,38,139,9
Salad Ballad,47,141,2
Huge Harvest,44,141,2
Salad Ballad,48,142,2
Salad Ballad,49,142,5
Salad Ballad,50,142,4
Huge Harvest,45,144,3
Huge Harvest,46,145,3
Salad Ballad,51,146,8
Salad Ballad,52,147,7
Mixed Medley,39,149,4
Salad Ballad,53,150,2
Huge Harvest,47,152,1
Salad Ballad,54,152,8
Mixed Medley,40,153,6
Salad Ballad,55,154,4
Salad Ballad,56,154,9
Mixed Medley,41,155,2
Salad Ballad,57,155,3
Huge Harvest,48,156,4
Huge Harvest,49,156,3
Mixed Medley,42,157,6
Huge Harvest,50,157,4
Salad Ballad,58,158,4
Mixed Medley,43,158,3
Huge Harvest,51,158,3
Huge Harvest,52,159,4
Salad Ballad,59,160,2
Mixed Medley,44,160,2
Mixed Medley,45,160,4
Salad Ballad,60,162,2
Salad Ballad,61,162,3
Salad Ballad,62,163,3
Huge Harvest,53,164,4
Huge Harvest,54,167,7
Salad Ballad,63,169,4
Salad Ballad,64,170,2
Mixed Medley,46,170,2
Salad Ballad,65,171,3
Salad Ballad,66,171,3
Huge Harvest,55,173,4
Mixed Medley,47,174,2
Huge Harvest,56,174,2
Salad Ballad,67,175,7
Mixed Medley,48,176,2
Salad Ballad,68,178,8
Salad Ballad,69,178,5
Huge Harvest,57,179,9
Salad Ballad,70,180,5
Mixed Medley,49,182,4
Mixed Medley,50,182,2
Salad Ballad,71,184,5
Salad Ballad,72,185,9
Salad Ballad,73,185,7
Mixed Medley,51,186,3
Mixed Medley,52,187,2
Mixed Medley,53,188,2
Huge Harvest,58,190,3
Huge Harvest,59,191,2
Mixed Medley,54,193,2
Huge Harvest,60,193,4
Huge Harvest,61,193,6
Mixed Medley,55,194,6
Mixed Medley,56,195,5
Huge Harvest,62,198,3
Huge Harvest,63,199,4
Mixed Medley,57,200,2
Mixed Medley,58,200,5
Huge Harvest,64,202,2
Mixed Medley,59,204,6
Mixed Medley,60,204,4
Mixed Medley,61,206,2
Mixed Medley,62,207,10
Salad Ballad,74,208,5
Mixed Medley,63,208,6
Huge Harvest,65,209,2
Huge Harvest,66,209,4
Salad Ballad,75,210,3
Salad Ballad,76,211,4
Mixed Medley,64,212,3
Huge Harvest,67,214,7
Salad Ballad,77,215,2
Mixed Medley,65,216,2
Huge Harvest,68,217,4
Huge Harvest,69,219,9
Huge Harvest,70,220,8
Salad Ballad,78,223,3
Mixed Medley,66,223,11
Huge Harvest,71,224,3
Mixed Medley,67,226,4
Huge Harvest,72,229,5
Salad Ballad,79,229,3
Huge Harvest,73,230,2
Huge Harvest,74,231,3
Salad Ballad,80,231,4
Salad Ballad,81,232,7
Salad Ballad,82,233,4
Huge Harvest,75,233,6
Huge Harvest,76,234,9
Huge Harvest,77,234,6
Salad Ballad,83,234,1
Salad Ballad,84,234,2
Salad Ballad,85,234,3
Mixed Medley,68,235,5
Mixed Medley,69,235,3
Salad Ballad,86,237,5
Salad Ballad,87,237,3
Huge Harvest,78,238,3
Mixed Medley,70,239,8
Mixed Medley,71,239,2
Salad Ballad,88,242,4
Salad Ballad,89,243,4
Mixed Medley,72,243,5
Mixed Medley,73,246,3
Mixed Medley,74,246,2
Huge Harvest,79,248,2
Mixed Medley,75,249,2
Mixed Medley,76,250,3
Mixed Medley,77,250,3
Huge Harvest,80,250,3
Salad Ballad,90,251,3
Mixed Medley,78,251,5
Mixed Medley,79,254,4
Huge Harvest,81,255,8
Mixed Medley,80,255,4
Salad Ballad,91,258,5
Huge Harvest,82,258,4
Huge Harvest,83,260,9
Salad Ballad,92,261,6
Salad Ballad,93,262,2
Mixed Medley,81,264,2
Huge Harvest,84,266,5
Salad Ballad,94,266,2
Mixed Medley,82,266,2
Salad Ballad,95,266,3
Huge Harvest,85,267,4
Mixed Medley,83,268,3
Salad Ballad,96,268,4
Salad Ballad,97,268,3
Huge Harvest,86,269,5
Salad Ballad,98,270,3
Mixed Medley,84,271,4
Salad Ballad,99,275,6
Huge Harvest,87,275,4
Huge Harvest,88,276,2
Mixed Medley,85,276,3
Huge Harvest,89,277,3
Salad Ballad,100,277,3
Mixed Medley,86,277,4
Mixed Medley,87,279,1
Salad Ballad,101,279,6
Huge Harvest,90,280,2
Huge Harvest,91,281,2
Salad Ballad,102,281,5
Huge Harvest,92,283,4
Salad Ballad,103,284,4
Mixed Medley,88,286,5
Salad Ballad,104,288,5
Mixed Medley,89,289,9
Mixed Medley,90,292,3
Huge Harvest,93,292,3
Huge Harvest,94,293,4
Huge Harvest,95,293,5
Salad Ballad,105,294,4
Huge Harvest,96,295,2
Huge Harvest,97,296,4
Mixed Medley,91,296,5
Mixed Medley,92,296,8
Huge Harvest,98,297,2
Mixed Medley,93,299,3
Mixed Medley,94,299,5
Salad Ballad,106,300,4
Huge Harvest,99,302,2
Huge Harvest,100,303,8
Mixed Medley,95,303,4
Salad Ballad,107,304,5
Mixed Medley,96,304,2
Salad Ballad,108,304,4
Huge Harvest,101,305,9
Mixed Medley,97,307,2
Mixed Medley,98,309,3
Salad Ballad,109,309,3
Salad Ballad,110,309,5
Mixed Medley,99,311,2
Mixed Medley,100,311,4
Mixed Medley,101,311,5
Huge Harvest,102,311,3
Salad Ballad,111,313,3
Salad Ballad,112,315,3
Mixed Medley,102,315,6
Salad Ballad,113,317,3
Huge Harvest,103,317,5
Salad Ballad,114,317,7
Mixed Medley,103,318,7
Mixed Medley,104,319,6
Salad Ballad,115,319,3
Huge Harvest,104,319,3
Mixed Medley,105,319,4
Salad Ballad,116,320,3
Salad Ballad,117,320,4
Huge Harvest,105,321,2
Huge Harvest,106,321,4
Huge Harvest,107,322,9
Mixed Medley,106,323,3
Salad Ballad,118,324,5
Salad Ballad,119,324,6
Mixed Medley,107,329,7
Huge Harvest,108,329,9
Salad Ballad,120,330,2
Salad Ballad,121,330,2
Huge Harvest,109,335,4
Huge Harvest,110,336,3
Huge Harvest,111,336,4
Huge Harvest,112,337,4
Mixed Medley,108,337,4
Salad Ballad,122,339,5
Salad Ballad,123,339,8
Salad Ballad,124,339,2
Huge Harvest,113,340,5
Mixed Medley,109,341,4
Huge Harvest,114,343,4
Huge Harvest,115,343,8
Salad Ballad,125,343,5
Mixed Medley,110,343,4
Mixed Medley,111,343,3
Mixed Medley,112,344,3
Huge Harvest,116,345,6
Salad Ballad,126,347,2
Salad Ballad,127,347,3
Huge Harvest,117,348,3
Mixed Medley,113,350,1
Huge Harvest,118,353,2
Huge Harvest,119,353,4
Huge Harvest,120,355,6
Salad Ballad,128,356,2
Huge Harvest,121,356,6
Mixed Medley,114,358,4
Mixed Medley,115,358,4
Salad Ballad,129,361,6
Huge Harvest,122,362,4
Mixed Medley,116,362,5
Mixed Medley,117,363,3
Mixed Medley,118,364,2
Huge Harvest,123,365,2
Huge Harvest,124,367,8
Mixed Medley,119,367,3
Huge Harvest,125,368,3
Huge Harvest,126,369,1
Mixed Medley,120,371,5
Mixed Medley,121,372,2
Huge Harvest,127,372,2
Salad Ballad,130,374,4
Huge Harvest,128,375,2
Mixed Medley,122,376,4
Huge Harvest,129,379,4
Huge Harvest,130,379,5
Salad Ballad,131,380,4
Salad Ballad,132,381,4
Mixed Medley,123,384,2
Salad Ballad,133,384,6
Huge Harvest,131,386,2
Salad Ballad,134,389,2
Huge Harvest,132,391,6
Salad Ballad,135,393,5
Salad Ballad,136,394,2
Mixed Medley,124,394,3
Mixed Medley,125,395,8
Huge Harvest,133,395,3
Salad Ballad,137,396,10
Mixed Medley,126,397,2
Mixed Medley,127,398,3
Huge Harvest,134,402,2
Salad Ballad,138,404,2
Huge Harvest,135,404,2
Mixed Medley,128,405,8
Salad Ballad,139,408,3
Salad Ballad,140,408,2
Salad Ballad,141,409,2
Huge Harvest,136,409,5
Salad Ballad,142,410,3
Huge Harvest,137,411,4
Mixed Medley,129,411,5
Salad Ballad,143,412,4
Salad Ballad,144,412,1
Salad Ballad,145,412,3
Mixed Medley,130,413,5
Salad Ballad,146,413,2
Huge Harvest,138,413,2
Mixed Medley,131,416,4
Huge Harvest,139,416,4
Mixed Medley,132,416,4
Mixed Medley,133,417,3
Salad Ballad,147,419,3
Mixed Medley,134,420,5
Salad Ballad,148,422,3
Mixed Medley,135,423,1
Huge Harvest,140,425,2
Huge Harvest,141,426,2
Huge Harvest,142,427,4
Salad Ballad,149,428,5
Salad Ballad,150,429,5
Huge Harvest,143,429,6
Salad Ballad,151,429,3
Mixed Medley,136,431,7
Mixed Medley,137,431,7
Salad Ballad,152,433,2
Salad Ballad,153,433,4
Mixed Medley,138,433,1
Huge Harvest,144,433,10
Salad Ballad,154,436,4
Salad Ballad,155,436,4
Mixed Medley,139,437,8
Huge Harvest,145,439,6
Salad Ballad,156,441,4
Salad Ballad,157,441,4
Mixed Medley,140,442,2
Salad Ballad,158,445,5
Mixed Medley,141,448,4
Huge Harvest,146,450,6
Mixed Medley,142,450,5
Mixed Medley,143,450,4
Huge Harvest,147,451,4
Salad Ballad,159,451,2
Salad Ballad,160,451,3
Huge Harvest,148,453,4
Salad Ballad,161,453,5
Salad Ballad,162,456,12
Huge Harvest,149,457,3
Huge Harvest,150,457,5
Huge Harvest,151,457,4
Mixed Medley,144,458,10
Mixed Medley,145,458,2
Mixed Medley,146,460,2
Salad Ballad,163,460,2
Mixed Medley,147,460,5
Salad Ballad,164,461,2
Salad Ballad,165,462,4
Mixed Medley,148,465,6
Salad Ballad,166,466,4
Mixed Medley,149,466,6
Huge Harvest,152,466,2
Salad Ballad,167,466,3
Salad Ballad,168,468,3
Huge Harvest,153,469,3
Huge Harvest,154,470,1
Mixed Medley,150,473,4
Mixed Medley,151,475,4
Mixed Medley,152,475,2
Mixed Medley,153,476,3
Salad Ballad,169,478,9
Mixed Medley,154,478,2
Mixed Medley,155,481,9
Huge Harvest,155,481,3
Salad Ballad,170,483,3
Huge Harvest,156,484,9
Salad Ballad,171,484,2
Salad Ballad,172,487,4
Salad Ballad,173,487,3
Mixed Medley,156,488,12
Mixed Medley,157,488,5
Huge Harvest,157,488,11
Huge Harvest,158,489,11
Mixed Medley,158,490,2
Huge Harvest,159,492,2
Salad Ballad,174,494,4
Mixed Medley,159,496,3
Mixed Medley,160,496,2
Salad Ballad,175,496,5
Mixed Medley,161,497,8
Mixed Medley,162,497,3
Mixed Medley,163,497,6
Mixed Medley,164,499,3
Salad Ballad,176,499,2
Huge Harvest,160,501,4
Huge Harvest,161,501,7
Salad Ballad,177,501,7
Mixed Medley,165,503,2
Huge Harvest,162,505,3
Huge Harvest,163,505,2
Salad Ballad,178,508,2
Huge Harvest,164,510,6
Salad Ballad,179,510,3
Salad Ballad,180,511,5
Salad Ballad,181,512,4
Huge Harvest,165,514,9
Mixed Medley,166,516,8
Huge Harvest,166,516,2
Salad Ballad,182,516,2
Huge Harvest,167,516,3
Huge Harvest,168,519,3
Huge Harvest,169,520,3
Mixed Medley,167,522,3
Salad Ballad,183,523,5
Mixed Medley,168,523,3
Salad Ballad,184,524,8
Salad Ballad,185,525,3
Mixed Medley,169,525,4
Salad Ballad,186,526,2
Huge Harvest,170,531,3
Mixed Medley,170,532,5
Huge Harvest,171,533,2
Salad Ballad,187,533,3
Salad Ballad,188,534,5
Huge Harvest,172,534,6
Huge Harvest,173,534,3
Mixed Medley,171,536,5
Salad Ballad,189,536,7
Huge Harvest,174,536,4
Salad Ballad,190,536,4
Huge Harvest,175,537,5
Huge Harvest,176,537,11
Huge Harvest,177,539,5
Huge Harvest,178,540,1
Mixed Medley,172,541,6
Mixed Medley,173,545,1
Huge Harvest,179,545,3
Huge Harvest,180,546,4
Mixed Medley,174,547,3
Huge Harvest,181,549,4
Huge Harvest,182,549,6
Salad Ballad,191,550,3
Mixed Medley,175,550,2
Huge Harvest,183,551,3
Salad Ballad,192,551,2
Salad Ballad,193,552,3
Mixed Medley,176,553,7
Huge Harvest,184,553,5
Salad Ballad,194,554,4
Salad Ballad,195,555,2
Huge Harvest,185,557,5
Mixed Medley,177,559,11
Mixed Medley,178,560,2
Salad Ballad,196,562,9
Huge Harvest,186,564,5
Salad Ballad,197,564,3
Mixed Medley,179,566,2
Mixed Medley,180,567,5
Huge Harvest,187,571,3
Salad Ballad,198,571,5
Salad Ballad,199,572,2
Mixed Medley,181,572,8
Huge Harvest,188,574,5
Huge Harvest,189,576,4
Mixed Medley,182,577,3
Mixed Medley,183,578,5
Mixed Medley,184,578,1
Salad Ballad,200,580,5
Mixed Medley,185,580,7
Huge Harvest,190,580,3
Salad Ballad,201,581,5
Huge Harvest,191,581,2
Mixed Medley,186,581,5
Salad Ballad,202,581,3
Salad Ballad,203,582,4
Huge Harvest,192,583,3
Huge Harvest,193,583,3
Mixed Medley,187,583,2
Mixed Medley,188,585,8
Mixed Medley,189,587,9
Mixed Medley,190,588,7
Mixed Medley,191,588,3
Salad Ballad,204,588,4
Salad Ballad,205,590,2
Mixed Medley,192,590,2
Salad Ballad,206,591,3
Huge Harvest,194,593,3
Huge Harvest,195,594,2
Huge Harvest,196,594,7
Mixed Medley,193,594,2
Salad Ballad,207,596,4
Salad Ballad,208,596,5
Huge Harvest,197,597,3
Mixed Medley,194,597,1
Salad Ballad,209,598,5
Mixed Medley,195,599,7
Huge Harvest,198,599,8
Mixed Medley,196,599,5
Salad Ballad,210,600,9
Salad Ballad,211,600,3
Mixed Medley,197,600,2
Mixed Medley,198,603,7
Huge Harvest,199,604,3
Salad Ballad,212,605,3
Salad Ballad,213,607,3
Huge Harvest,200,607,2
Mixed Medley,199,608,4
Mixed Medley,200,609,3
Huge Harvest,201,609,5
Salad Ballad,214,609,6
Huge Harvest,202,610,3
Huge Harvest,203,610,11
Huge Harvest,204,611,5
Huge Harvest,205,612,3
Salad Ballad,215,612,1
Huge Harvest,206,614,1
Huge Harvest,207,614,5
Salad Ballad,216,615,2
Salad Ballad,217,618,3
Mixed Medley,201,618,4
Huge Harvest,208,619,2
Salad Ballad,218,619,3
Mixed Medley,202,622,4
Mixed Medley,203,623,7
Huge Harvest,209,623,5
Huge Harvest,210,625,4
Mixed Medley,204,627,3
Mixed Medley,205,628,4
Salad Ballad,219,628,3
Huge Harvest,211,632,3
Mixed Medley,206,633,7
Salad Ballad,220,634,2
Huge Harvest,212,635,7
Salad Ballad,221,637,2
Salad Ballad,222,637,4
Huge Harvest,213,637,4
Salad Ballad,223,640,2
Huge Harvest,214,644,4
Huge Harvest,215,644,6
Mixed Medley,207,645,2
Salad Ballad,224,646,4
Huge Harvest,216,646,5
Mixed Medley,208,646,3
Salad Ballad,225,646,7
Salad Ballad,226,647,2
Mixed Medley,209,647,4
Salad Ballad,227,648,4
Huge Harvest,217,648,3
Salad Ballad,228,654,4
Mixed Medley,210,656,3
Mixed Medley,211,657,4
Mixed Medley,212,660,7
Mixed Medley,213,661,5
Huge Harvest,218,661,4
Mixed Medley,214,663,5
Salad Ballad,229,663,4
Huge Harvest,219,665,4
Huge Harvest,220,667,3
Salad Ballad,230,667,4
Huge Harvest,221,669,2
Huge Harvest,222,670,4
Mixed Medley,215,670,9
Salad Ballad,231,670,3
Huge Harvest,223,671,3
Huge Harvest,224,672,4
Huge Harvest,225,673,2
Huge Harvest,226,674,3
Salad Ballad,232,674,5
Mixed Medley,216,675,9
Mixed Medley,217,675,6
Mixed Medley,218,677,5
Huge Harvest,227,677,3
Huge Harvest,228,677,3
Huge Harvest,229,678,2
Mixed Medley,219,678,2
Salad Ballad,233,678,3
Salad Ballad,234,680,2
Huge Harvest,230,680,2
Salad Ballad,235,680,5
Salad Ballad,236,682,7
Salad Ballad,237,682,11
Salad Ballad,238,684,5
Mixed Medley,220,685,4
Mixed Medley,221,686,3
Huge Harvest,231,687,2
Huge Harvest,232,687,2
Mixed Medley,222,688,8
