Huge Harvest,2,2
Mixed Medley,5,1
Salad Ballad,8,0
Expeditious Delicious Raised Bed Seedsheet,5,1
Easy Breeazy caprese Raised Bed Seedsheet,2,2
Roots and Shoots Fall Garden,8,0
Picture Perfect Pickling Fall Garden,5,1
Kaleidoscope Cut Flowers Raised Bed Seedsheet,5,1
Summer Three Sisters Raised Bed Seedsheet,2,2
Summer Southern Comforts Raised Bed Seedsheet,5,1
Summer Pad Thai Raised Bed Seedsheet,5,1
Fresh Salsa Raised Bed Seedsheet,2,2
Summer Supreme Garden Kit,2,2
Summer Saver Garden Kit,2,2
Summer Starter Garden Kit,2,2
Summer Salads Raised Bed Seedsheet,8,0
