1,Tangerine Gem Marigold,2
2,Dill,2
3,Parsley,4
4,Beets,5
5,Cauliflower,2
6,Baby Watermelon,3
6,Fall Carrot,2
7,Spaghetti Squash,2
8,Fresh Salsa Raised Bed Seedsheet,6
8,Racer Pumpkin,8
8,Husk Cherry,11
9,Racer Pumpkin,2
9,Arugula,1
10,Corn,4
11,Butterhead Lettuce,4
11,Salad Blend Lettuce,4
11,Pruning & Harvesting Scissors,6
12,Summer Saver Garden Kit,6
13,Zucchini,4
14,Arugula,4
14,Spaghetti Squash,1
15,Cauliflower,11
16,Chives,2
16,Lemon Cucumber,6
16,Pruning & Harvesting Scissors,3
17,Lemon Cucumber,4
17,Fennel,4
18,Borage,4
18,Yellow Squash,3
19,Basil,6
20,Yellow Squash,2
20,Sun Gold Cherry Tomato,4
21,Telescoping Water Wand,6
21,Dark Orange Marigold,2
21,Yellow Squash,5
22,Butterhead Lettuce,3
22,Biodegradable Planting Stakes (10-pack),3
22,Summer Three Sisters Raised Bed Seedsheet,3
23,Roots and Shoots Fall Garden,5
24,Broccolini,6
24,Fresh Salsa Raised Bed Seedsheet,7
24,Mustard,3
25,Dark Orange Marigold,3
26,Tangerine Gem Marigold,2
27,Heirloom Medium Red Tomato,1
27,Scallions,3
28,Mini Sweet Pepper,4
29,Large Bell Pepper,5
29,Buzz Buttons,8
29,Golden Sunflower,8
30,Nastrutium,5
30,Parsley,2
31,Deep Purple Carrot,1
32,Cilantro,1
32,Zucchini,3
33,Raised Bed Trellis Net,2
34,Deep Purple Carrot,1
34,Kaleidoscope Cut Flowers Raised Bed Seedsheet,4
35,Summer Supreme Garden Kit,4
35,Arugula,3
36,Roots and Shoots Fall Garden,2
36,Fall Carrot,3
37,Thyme,2
38,Seedsheet Organic Bio-Insecticide,2
38,French Green Bean,5
38,Suger Snap Pea,2
39,Buzz Buttons,3
39,Scallions,7
39,Dill,3
40,Chives,5
40,Mustard,3
41,Cauliflower,5
42,Tangerine Gem Marigold,4
43,Cauliflower,8
44,Summer Three Sisters Raised Bed Seedsheet,6
44,Kale,4
45,Expeditious Delicious Raised Bed Seedsheet,7
46,Summer Supreme Garden Kit,5
47,Summer Southern Comforts Raised Bed Seedsheet,7
47,Seedsheet Organic Bio-Insecticide,3
48,Spinach,4
49,Butterhead Lettuce,1
49,Nastrutium,2
50,Tomatillo,3
50,Summer Saver Garden Kit,4
51,Baby Watermelon,4
51,Spaghetti Squash,2
51,Zucchini,2
51,Cucumber,6
52,Edamame,4
52,Shishito Pepper,4
53,Seedsheet Organic Bio-Insecticide,3
54,Spring Carrot,3
54,Tomatillo,4
55,Jalapeno Pepper,4
55,Edamame,4
55,Dill,6
56,Racer Pumpkin,2
56,Nastrutium,7
57,Eggplant,3
58,Strawberry Blonde Sunflower,4
58,Dragon Carrot,3
58,Baby Watermelon,2
59,Sun Gold Cherry Tomato,4
59,Summer Pad Thai Raised Bed Seedsheet,4
60,Picture Perfect Pickling Fall Garden,1
60,Mini Sweet Pepper,4
61,Butterhead Lettuce,2
61,Biodegradable Planting Stakes (10-pack),4
62,Shishito Pepper,4
62,Dill,4
63,Kale,7
63,Corn,3
63,Watermelon Radish,6
64,Arugula,3
64,Chives,5
65,Watermelon Radish,4
66,Fennel,3
66,Cauliflower,1
67,Salad Blend Lettuce,8
67,Spinach,3
67,Summer Saver Garden Kit,2
68,Cucumber,2
69,Beets,2
70,Kaleidoscope Cut Flowers Raised Bed Seedsheet,11
70,Seedsheet Organic Bio-Insecticide,3
71,Lemon Cucumber,2
71,Summer Salads Raised Bed Seedsheet,7
72,Sun Gold Cherry Tomato,5
73,Rainbow Chard,2
73,Summer Salads Raised Bed Seedsheet,4
74,Nastrutium,3
75,Baby Watermelon,3
75,Telescoping Water Wand,7
75,Spring Carrot,3
76,Summer Three Sisters Raised Bed Seedsheet,3
76,Raised Bed Trellis Net,20
77,Suger Snap Pea,2
78,Borage,1
79,Summer Saver Garden Kit,4
79,Shishito Pepper,12
80,Provider Bush Bean,4
80,Telescoping Water Wand,7
80,Thyme,2
81,Spinach,6
82,Summer Three Sisters Raised Bed Seedsheet,2
83,Dark Orange Marigold,7
83,French Breakfast Radish,9
83,Cauliflower,3
84,Deep Purple Carrot,4
84,Summer Saver Garden Kit,14
85,Cauliflower,6
85,Suger Snap Pea,4
86,Rainbow Chard,6
87,Cayenne Pepper,4
88,Summer Pad Thai Raised Bed Seedsheet,2
88,Salad Blend Lettuce,4
88,Cayenne Pepper,10
88,Eggplant,5
89,Large Bell Pepper,3
89,Giant Purple Zinnia,4
90,Lemon Cucumber,5
90,Borage,5
90,Husk Cherry,8
91,Fresh Salsa Raised Bed Seedsheet,2
91,Dragon Carrot,14
91,Summer Southern Comforts Raised Bed Seedsheet,4
92,Edamame,4
92,Mini Sweet Pepper,1
93,French Breakfast Radish,3
94,Fall Carrot,3
95,Summer Saver Garden Kit,4
96,Suger Snap Pea,2
96,Large Bell Pepper,3
97,Suger Snap Pea,3
98,Summer Pad Thai Raised Bed Seedsheet,3
98,Tomatillo,3
99,Cauliflower,2
100,Expeditious Delicious Raised Bed Seedsheet,4
101,Telescoping Water Wand,3
102,Dark Orange Marigold,2
103,Nastrutium,3
104,Fresh Salsa Raised Bed Seedsheet,9
104,Kale,3
105,Pruning & Harvesting Scissors,1
106,Spring Carrot,8
107,Dragon Carrot,1
108,Tomatillo,4
109,Corn,1
109,Rainbow Chard,2
110,Easy Breeazy caprese Raised Bed Seedsheet,9
110,Watermelon Radish,8
110,Expeditious Delicious Raised Bed Seedsheet,8
111,Fennel,4
111,Yellow Squash,2
112,Eggplant,3
112,Summer Salads Raised Bed Seedsheet,5
113,Dark Orange Marigold,6
114,Zucchini,5
115,Large Bell Pepper,1
115,Husk Cherry,4
116,Summer Saver Garden Kit,4
116,Seedsheet Organic Bio-Insecticide,1
116,Sage,1
117,Deep Purple Carrot,1
117,Broccoli,2
118,Watermelon Radish,2
118,Eggplant,7
119,Golden Sunflower,2
120,Fennel,6
121,Large Bell Pepper,7
121,Rainbow Chard,4
122,Fresh Salsa Raised Bed Seedsheet,1
123,Glacier Tomato,9
123,Dark Orange Marigold,4
123,Dill,1
124,Nastrutium,1
125,Parsley,1
126,Cayenne Pepper,3
127,Summer Supreme Garden Kit,4
127,Fall Carrot,5
128,Mini Sweet Pepper,3
128,Tangerine Gem Marigold,3
129,Roots and Shoots Fall Garden,3
129,Baby Watermelon,5
130,Fall Carrot,3
130,Husk Cherry,3
131,Watermelon Radish,3
132,Shishito Pepper,3
133,Summer Three Sisters Raised Bed Seedsheet,3
134,Broccoli,6
135,Golden Sunflower,4
136,Strawberry Blonde Sunflower,6
137,Cucumber,3
138,Sun Gold Cherry Tomato,6
138,Fennel,5
139,Heirloom Medium Red Tomato,3
140,Pruning & Harvesting Scissors,3
141,Raised Bed Trellis Net,5
142,SUPER Fertilizer,3
142,Cayenne Pepper,2
142,Basil,5
143,Butterhead Lettuce,4
143,Biodegradable Planting Stakes (10-pack),1
144,Baby Watermelon,2
145,Beets,3
145,Summer Southern Comforts Raised Bed Seedsheet,8
146,Tomatillo,6
147,Broccoli,4
147,Seedsheet Organic Bio-Insecticide,7
148,Sun Gold Cherry Tomato,7
149,Chives,2
150,Heirloom Medium Red Tomato,2
151,Pruning & Harvesting Scissors,4
151,Shishito Pepper,5
152,Cucamelon,5
153,Dark Orange Marigold,7
154,Cucumber,5
154,Fresh Salsa Raised Bed Seedsheet,3
154,Nastrutium,8
154,Basil,2
155,Strawberry Blonde Sunflower,1
156,Arugula,4
156,Deep Purple Carrot,1
156,Sage,7
157,Summer Pad Thai Raised Bed Seedsheet,1
158,Borage,3
158,Summer Southern Comforts Raised Bed Seedsheet,4
159,Fennel,1
160,Arugula,6
160,Scallions,8
160,Corn,6
161,Telescoping Water Wand,4
161,Summer Saver Garden Kit,4
162,Raised Bed Trellis Net,4
163,Summer Salads Raised Bed Seedsheet,3
163,Raised Bed Trellis Net,2
164,Fall Carrot,2
165,Edamame,2
165,Summer Three Sisters Raised Bed Seedsheet,7
166,Fresh Salsa Raised Bed Seedsheet,4
166,Expeditious Delicious Raised Bed Seedsheet,2
167,Strawberry Blonde Sunflower,4
168,Tangerine Gem Marigold,2
169,Fall Carrot,5
169,Rainbow Chard,3
169,Spinach,3
170,Fennel,3
171,Spaghetti Squash,4
172,Cauliflower,2
172,Giant Purple Zinnia,3
173,Dragon Carrot,5
173,Fennel,8
173,Mustard,3
174,Corn,9
175,Giant Purple Zinnia,7
175,Kaleidoscope Cut Flowers Raised Bed Seedsheet,2
176,Strawberry Blonde Sunflower,5
176,Fennel,4
176,Seedsheet Organic Bio-Insecticide,6
177,Summer Pad Thai Raised Bed Seedsheet,2
178,Chives,2
179,Kaleidoscope Cut Flowers Raised Bed Seedsheet,7
180,Fresh Salsa Raised Bed Seedsheet,2
180,Dill,2
181,Summer Salads Raised Bed Seedsheet,1
182,Buzz Buttons,7
183,Cauliflower,3
184,Picture Perfect Pickling Fall Garden,4
185,Summer Three Sisters Raised Bed Seedsheet,4
185,Deep Purple Carrot,5
186,Dragon Carrot,5
186,Cayenne Pepper,7
187,Parsley,4
188,Beets,2
189,Buzz Buttons,4
190,Corn,5
190,Rainbow Chard,3
191,Arugula,2
191,Cucamelon,2
192,Cantaloupe,4
193,Fennel,3
194,Yellow Squash,2
194,Easy Breeazy caprese Raised Bed Seedsheet,2
195,Summer Starter Garden Kit,5
195,Kaleidoscope Cut Flowers Raised Bed Seedsheet,8
195,Summer Three Sisters Raised Bed Seedsheet,1
196,French Breakfast Radish,3
197,Cayenne Pepper,6
198,Parsley,5
199,Cayenne Pepper,6
199,Spinach,4
200,French Breakfast Radish,4
200,Summer Southern Comforts Raised Bed Seedsheet,4
201,Spring Carrot,7
201,Salad Blend Lettuce,4
202,Parsley,2
202,Corn,3
203,French Breakfast Radish,2
203,Beets,2
204,Spinach,3
205,Beets,2
206,Edamame,3
207,Fresh Salsa Raised Bed Seedsheet,5
208,Corn,6
209,Strawberry Blonde Sunflower,4
210,Cauliflower,2
211,Lemon Cucumber,2
211,Kaleidoscope Cut Flowers Raised Bed Seedsheet,3
211,Dark Orange Marigold,2
212,Fennel,3
213,Roots and Shoots Fall Garden,2
214,Fennel,2
214,Beets,3
215,Expeditious Delicious Raised Bed Seedsheet,4
215,Roots and Shoots Fall Garden,3
216,Buzz Buttons,2
217,Heirloom Medium Red Tomato,2
218,Golden Sunflower,6
218,Buzz Buttons,4
219,Watermelon Radish,9
220,Buzz Buttons,4
221,Borage,5
221,Dragon Bean,2
222,Lemon Cucumber,3
222,Summer Saver Garden Kit,5
222,Beets,6
222,Kale,8
223,Edamame,2
224,Broccoli,2
225,Arugula,5
225,Kaleidoscope Cut Flowers Raised Bed Seedsheet,2
226,Cantaloupe,3
227,Kaleidoscope Cut Flowers Raised Bed Seedsheet,3
227,Dark Orange Marigold,2
228,Zucchini,2
228,Broccolini,4
229,Butterhead Lettuce,5
229,Lemon Cucumber,2
229,Cilantro,9
230,Dill,3
230,Cauliflower,2
231,Spring Carrot,3
231,Heirloom Medium Red Tomato,2
231,Fall Carrot,5
232,Raised Bed Trellis Net,2
233,Seedsheet Organic Bio-Insecticide,4
234,Mustard,5
234,Giant Purple Zinnia,8
234,Eggplant,6
234,Summer Southern Comforts Raised Bed Seedsheet,10
235,Mini Sweet Pepper,4
235,Cilantro,4
236,Sun Gold Cherry Tomato,2
236,Lemon Cucumber,1
237,Pruning & Harvesting Scissors,8
238,Tomatillo,2
238,Easy Breeazy caprese Raised Bed Seedsheet,4
238,Seedsheet Organic Bio-Insecticide,4
238,Summer Three Sisters Raised Bed Seedsheet,2
239,Orange Calendula,9
240,Fresh Salsa Raised Bed Seedsheet,2
240,Cucumber,6
240,Picture Perfect Pickling Fall Garden,3
241,Summer Three Sisters Raised Bed Seedsheet,7
241,Orange Calendula,7
241,Scallions,6
242,Glacier Tomato,2
243,Telescoping Water Wand,2
243,Kale,3
244,Picture Perfect Pickling Fall Garden,8
245,Telescoping Water Wand,8
246,Kale,3
247,Cantaloupe,3
248,Summer Supreme Garden Kit,4
248,Fennel,3
249,Expeditious Delicious Raised Bed Seedsheet,2
250,Dragon Bean,1
250,Cayenne Pepper,4
251,French Breakfast Radish,2
251,Beets,3
252,Giant Purple Zinnia,2
252,Dragon Carrot,5
252,Nastrutium,2
253,Fennel,2
253,Dragon Carrot,6
253,Provider Bush Bean,4
253,Zucchini,3
254,Spaghetti Squash,2
254,Cantaloupe,6
255,Basil,3
256,Arugula,3
256,Edamame,3
256,Fresh Salsa Raised Bed Seedsheet,3
257,Watermelon Radish,6
257,Expeditious Delicious Raised Bed Seedsheet,4
257,Cayenne Pepper,4
258,Lemon Cucumber,5
258,Roots and Shoots Fall Garden,5
259,Expeditious Delicious Raised Bed Seedsheet,1
259,French Green Bean,2
260,Edamame,5
261,Tangerine Gem Marigold,4
261,Lemon Cucumber,2
262,Deep Purple Carrot,5
263,Pruning & Harvesting Scissors,4
264,Cauliflower,1
264,Large Bell Pepper,2
265,Zucchini,4
265,Fall Carrot,2
266,Tomatillo,2
267,Summer Supreme Garden Kit,2
267,Summer Saver Garden Kit,2
268,Easy Breeazy caprese Raised Bed Seedsheet,3
268,Spinach,4
269,Biodegradable Planting Stakes (10-pack),2
269,Giant Purple Zinnia,3
270,Cayenne Pepper,4
271,Cucumber,6
272,SUPER Fertilizer,2
273,Chives,4
274,Basil,4
274,Cauliflower,2
274,Racer Pumpkin,3
275,Beets,7
276,Cucamelon,4
276,Raised Bed Trellis Net,2
276,Glacier Tomato,2
277,Strawberry Blonde Sunflower,5
277,Broccolini,6
277,Dragon Carrot,3
277,French Breakfast Radish,2
278,Summer Pad Thai Raised Bed Seedsheet,5
279,Racer Pumpkin,4
279,Cucumber,5
280,Scallions,2
281,Chives,8
281,Spinach,5
281,Rainbow Chard,4
282,Edamame,2
282,Dill,2
283,Dill,4
283,Borage,3
284,Buzz Buttons,2
285,Large Bell Pepper,2
286,Large Bell Pepper,2
287,Glacier Tomato,3
287,Strawberry Blonde Sunflower,3
288,Beets,9
288,Giant Purple Zinnia,2
289,Fresh Salsa Raised Bed Seedsheet,4
290,Broccoli,2
290,Yellow Squash,2
291,Heirloom Medium Red Tomato,2
291,Dark Orange Marigold,5
292,Tomatillo,2
292,Heirloom Medium Red Tomato,4
292,Yellow Squash,3
292,Spinach,5
292,Cilantro,5
293,Beets,3
294,Summer Saver Garden Kit,5
295,Heirloom Medium Red Tomato,5
296,Eggplant,1
297,Summer Saver Garden Kit,15
297,Lemon Cucumber,4
298,Glacier Tomato,2
298,Spring Carrot,9
298,Corn,2
299,Biodegradable Planting Stakes (10-pack),6
299,Cucamelon,2
299,Buzz Buttons,4
300,French Green Bean,2
300,Mini Sweet Pepper,5
300,Eggplant,1
301,Sage,5
302,Summer Pad Thai Raised Bed Seedsheet,6
302,Heirloom Medium Red Tomato,3
303,Husk Cherry,3
303,Shishito Pepper,2
304,Zucchini,3
304,Arugula,3
305,Seedsheet Organic Bio-Insecticide,7
305,Pruning & Harvesting Scissors,3
306,Butterhead Lettuce,4
307,Salad Blend Lettuce,3
308,Baby Watermelon,2
309,Summer Salads Raised Bed Seedsheet,3
310,Thyme,4
311,Thyme,4
311,Golden Sunflower,5
312,Picture Perfect Pickling Fall Garden,5
312,Husk Cherry,8
313,Summer Three Sisters Raised Bed Seedsheet,4
313,Provider Bush Bean,6
313,Cucumber,4
314,Broccolini,4
315,Biodegradable Planting Stakes (10-pack),4
316,Basil,2
316,Borage,5
317,SUPER Fertilizer,3
318,Summer Southern Comforts Raised Bed Seedsheet,2
319,Sage,2
320,Orange Calendula,1
320,Arugula,4
321,Spring Carrot,3
322,Arugula,4
323,Summer Three Sisters Raised Bed Seedsheet,2
323,Tangerine Gem Marigold,2
324,Salad Blend Lettuce,2
324,Summer Southern Comforts Raised Bed Seedsheet,2
325,Summer Supreme Garden Kit,7
325,Dragon Carrot,2
326,Tangerine Gem Marigold,4
326,Parsley,4
327,Deep Purple Carrot,5
327,Dill,4
328,Parsley,2
329,Deep Purple Carrot,2
329,Pruning & Harvesting Scissors,6
330,Easy Breeazy caprese Raised Bed Seedsheet,4
330,Husk Cherry,4
330,Dill,4
331,Thyme,6
331,Summer Starter Garden Kit,3
331,Cilantro,4
332,Tangerine Gem Marigold,8
332,Cucamelon,2
333,Pruning & Harvesting Scissors,4
333,Buzz Buttons,4
334,Edamame,6
334,Racer Pumpkin,2
334,Fennel,6
334,Summer Salads Raised Bed Seedsheet,3
335,Kaleidoscope Cut Flowers Raised Bed Seedsheet,6
335,Dark Orange Marigold,6
336,Dill,4
337,Corn,7
337,SUPER Fertilizer,2
338,Heirloom Medium Red Tomato,5
338,Suger Snap Pea,4
339,Cucamelon,4
339,Broccoli,4
340,Parsley,1
341,Easy Breeazy caprese Raised Bed Seedsheet,4
342,Chives,5
343,Cilantro,1
343,Giant Purple Zinnia,5
344,Cayenne Pepper,5
344,Nastrutium,3
345,Spring Carrot,7
346,Baby Watermelon,3
346,Picture Perfect Pickling Fall Garden,3
347,Seedsheet Organic Bio-Insecticide,2
347,Basil,5
348,Nastrutium,2
349,Strawberry Blonde Sunflower,9
349,Edamame,6
350,Cucumber,4
350,Golden Sunflower,5
351,Summer Southern Comforts Raised Bed Seedsheet,7
352,Dark Orange Marigold,3
353,Butterhead Lettuce,4
354,Telescoping Water Wand,3
354,French Green Bean,2
355,Parsley,6
355,Mini Sweet Pepper,3
356,Orange Calendula,4
357,Pruning & Harvesting Scissors,2
357,Butterhead Lettuce,5
358,French Breakfast Radish,6
358,Summer Starter Garden Kit,2
359,Thyme,3
359,Cauliflower,5
359,Shishito Pepper,9
360,Raised Bed Trellis Net,2
361,Golden Sunflower,3
362,Raised Bed Trellis Net,5
362,Summer Three Sisters Raised Bed Seedsheet,4
363,Mustard,2
364,Dragon Carrot,3
365,Spaghetti Squash,2
365,Spinach,3
365,Tomatillo,7
366,Raised Bed Trellis Net,4
366,Racer Pumpkin,3
367,French Green Bean,2
368,Pruning & Harvesting Scissors,9
369,Nastrutium,4
370,Dragon Bean,4
371,Corn,3
372,Sun Gold Cherry Tomato,3
373,Orange Calendula,4
374,Dill,4
374,Kale,4
375,Spring Carrot,4
376,Thyme,2
377,Beets,4
377,Corn,2
378,Summer Saver Garden Kit,5
379,Cauliflower,3
380,Dark Orange Marigold,6
380,Orange Calendula,5
381,Sun Gold Cherry Tomato,4
381,Mustard,1
382,Lemon Cucumber,3
382,Spinach,6
383,Sage,3
383,Summer Three Sisters Raised Bed Seedsheet,5
383,Tomatillo,5
384,Kale,3
385,Thyme,6
386,Golden Sunflower,4
387,Deep Purple Carrot,2
388,Spring Carrot,7
389,Giant Purple Zinnia,5
390,Mini Sweet Pepper,2
391,Fresh Salsa Raised Bed Seedsheet,1
391,Summer Saver Garden Kit,5
392,Picture Perfect Pickling Fall Garden,4
393,Cucamelon,5
393,Basil,3
393,Strawberry Blonde Sunflower,2
394,Salad Blend Lettuce,2
394,Biodegradable Planting Stakes (10-pack),3
395,French Green Bean,3
395,Summer Supreme Garden Kit,7
395,Tomatillo,3
396,Basil,3
397,Roots and Shoots Fall Garden,6
398,Jalapeno Pepper,2
399,Watermelon Radish,6
399,Thyme,4
399,Raised Bed Trellis Net,1
399,Arugula,5
400,Watermelon Radish,2
401,Kaleidoscope Cut Flowers Raised Bed Seedsheet,5
402,Summer Starter Garden Kit,6
403,Large Bell Pepper,3
403,Rainbow Chard,2
404,Summer Saver Garden Kit,3
405,Summer Three Sisters Raised Bed Seedsheet,4
406,Summer Southern Comforts Raised Bed Seedsheet,7
406,Giant Purple Zinnia,8
406,Golden Sunflower,3
407,Buzz Buttons,5
408,Deep Purple Carrot,2
409,Kale,2
409,Nastrutium,2
409,Thyme,5
409,Baby Watermelon,2
409,Shishito Pepper,2
410,Chives,3
410,Orange Calendula,3
410,Cucumber,1
411,Scallions,3
412,Parsley,4
413,Basil,3
414,Cucumber,3
415,Golden Sunflower,2
415,Summer Supreme Garden Kit,1
415,Strawberry Blonde Sunflower,2
416,Picture Perfect Pickling Fall Garden,4
416,Raised Bed Trellis Net,5
416,Golden Sunflower,5
417,Golden Sunflower,1
417,Shishito Pepper,7
418,Giant Purple Zinnia,11
419,Raised Bed Trellis Net,2
420,Cayenne Pepper,3
421,Summer Saver Garden Kit,2
422,Nastrutium,2
422,Cayenne Pepper,3
423,Zucchini,3
423,Giant Purple Zinnia,3
423,Dark Orange Marigold,2
424,Summer Starter Garden Kit,5
424,Kale,3
425,Basil,2
426,French Green Bean,3
426,Summer Southern Comforts Raised Bed Seedsheet,4
427,Cilantro,2
428,Cucamelon,3
429,Cauliflower,10
430,Summer Saver Garden Kit,3
430,Sage,5
431,Mini Sweet Pepper,2
432,Summer Saver Garden Kit,5
433,Dark Orange Marigold,8
433,Expeditious Delicious Raised Bed Seedsheet,4
433,Giant Purple Zinnia,4
434,Dragon Bean,5
435,Suger Snap Pea,2
435,Dark Orange Marigold,4
436,Tangerine Gem Marigold,4
436,Expeditious Delicious Raised Bed Seedsheet,10
436,Deep Purple Carrot,5
437,Strawberry Blonde Sunflower,3
438,Broccoli,2
439,Raised Bed Trellis Net,2
440,French Breakfast Radish,3
440,Dragon Carrot,5
440,Easy Breeazy caprese Raised Bed Seedsheet,5
441,Salad Blend Lettuce,4
441,Heirloom Medium Red Tomato,8
442,Dragon Carrot,2
442,Dill,5
443,Broccoli,5
443,Corn,4
444,Telescoping Water Wand,1
445,Raised Bed Trellis Net,7
446,SUPER Fertilizer,4
447,Glacier Tomato,4
447,Watermelon Radish,4
447,Suger Snap Pea,5
448,Baby Watermelon,2
449,Tangerine Gem Marigold,3
450,Salad Blend Lettuce,2
451,Nastrutium,3
452,Telescoping Water Wand,15
452,Scallions,7
453,Summer Supreme Garden Kit,2
454,Dill,2
455,Telescoping Water Wand,1
456,Deep Purple Carrot,7
456,Baby Watermelon,7
457,Mini Sweet Pepper,2
457,Orange Calendula,3
458,Mini Sweet Pepper,3
459,Summer Saver Garden Kit,3
459,Arugula,11
460,Eggplant,2
460,Dragon Carrot,2
461,Easy Breeazy caprese Raised Bed Seedsheet,2
462,Tomatillo,2
462,Broccolini,6
463,Mustard,4
463,Zucchini,3
464,Lemon Cucumber,9
465,Fall Carrot,2
466,Summer Pad Thai Raised Bed Seedsheet,5
466,Rainbow Chard,7
467,Buzz Buttons,2
468,Parsley,2
469,Beets,9
470,Husk Cherry,8
471,Picture Perfect Pickling Fall Garden,2
471,Broccoli,5
471,Summer Saver Garden Kit,3
472,Butterhead Lettuce,5
473,Mustard,5
473,Orange Calendula,3
474,Broccoli,1
474,Summer Pad Thai Raised Bed Seedsheet,3
474,Racer Pumpkin,4
474,Cucumber,3
475,Heirloom Medium Red Tomato,3
476,Giant Purple Zinnia,6
477,Summer Pad Thai Raised Bed Seedsheet,9
478,Kaleidoscope Cut Flowers Raised Bed Seedsheet,2
479,Suger Snap Pea,2
480,Sage,2
481,Dark Orange Marigold,3
482,Strawberry Blonde Sunflower,3
482,Dragon Bean,10
483,Borage,3
483,Sun Gold Cherry Tomato,5
484,Spring Carrot,11
485,Racer Pumpkin,2
485,Orange Calendula,4
486,Dill,4
486,Summer Saver Garden Kit,2
486,Picture Perfect Pickling Fall Garden,6
487,Provider Bush Bean,1
487,French Breakfast Radish,2
487,Parsley,6
488,Biodegradable Planting Stakes (10-pack),3
488,Eggplant,1
489,Mustard,4
489,Strawberry Blonde Sunflower,7
489,Dragon Carrot,2
490,Expeditious Delicious Raised Bed Seedsheet,7
490,Telescoping Water Wand,3
491,Fennel,2
491,Yellow Squash,5
492,Sage,3
492,Butterhead Lettuce,4
492,Telescoping Water Wand,3
492,Mini Sweet Pepper,4
493,Buzz Buttons,2
493,Fall Carrot,3
494,Spaghetti Squash,4
494,Fall Carrot,5
495,Dark Orange Marigold,7
495,Pruning & Harvesting Scissors,11
496,Dill,2
497,Chives,2
497,Borage,3
497,Baby Watermelon,4
498,French Breakfast Radish,6
499,Cayenne Pepper,3
499,Kale,4
500,Arugula,4
500,Summer Starter Garden Kit,3
501,Strawberry Blonde Sunflower,5
502,Borage,2
502,Summer Saver Garden Kit,3
503,Easy Breeazy caprese Raised Bed Seedsheet,3
503,Edamame,3
504,Summer Supreme Garden Kit,5
504,Watermelon Radish,2
504,Baby Watermelon,7
505,Thyme,4
506,Basil,3
507,Summer Pad Thai Raised Bed Seedsheet,5
508,Baby Watermelon,1
508,Husk Cherry,3
509,Cilantro,2
510,Dark Orange Marigold,5
510,Golden Sunflower,3
511,Dark Orange Marigold,2
512,Cantaloupe,3
513,Large Bell Pepper,3
514,Dark Orange Marigold,5
514,Cauliflower,4
515,Cayenne Pepper,4
516,Summer Southern Comforts Raised Bed Seedsheet,2
516,Kale,4
516,Fall Carrot,2
517,Tomatillo,2
517,Roots and Shoots Fall Garden,5
517,Fall Carrot,3
517,Fennel,4
518,Dill,3
518,Summer Three Sisters Raised Bed Seedsheet,3
518,Dragon Bean,4
519,Summer Saver Garden Kit,6
519,Summer Southern Comforts Raised Bed Seedsheet,3
519,Cucumber,8
520,Nastrutium,2
520,Golden Sunflower,6
520,Shishito Pepper,2
521,Tomatillo,3
521,Orange Calendula,4
521,Strawberry Blonde Sunflower,1
522,Baby Watermelon,3
523,Arugula,4
524,Giant Purple Zinnia,7
524,Broccolini,5
524,Edamame,7
525,Fennel,5
526,French Breakfast Radish,4
526,Husk Cherry,2
527,Eggplant,3
528,Corn,3
529,Raised Bed Trellis Net,4
530,SUPER Fertilizer,2
530,Cucumber,3
531,Lemon Cucumber,5
532,Chives,10
532,Baby Watermelon,6
533,Basil,3
534,Roots and Shoots Fall Garden,1
534,Salad Blend Lettuce,14
535,Watermelon Radish,5
536,Expeditious Delicious Raised Bed Seedsheet,2
537,Cucumber,3
537,Fall Carrot,6
538,Fresh Salsa Raised Bed Seedsheet,7
539,Broccoli,4
539,Golden Sunflower,3
540,Giant Purple Zinnia,1
540,Thyme,4
541,Picture Perfect Pickling Fall Garden,2
541,Edamame,2
541,Roots and Shoots Fall Garden,4
541,Butterhead Lettuce,5
542,Racer Pumpkin,3
542,Dark Orange Marigold,2
542,French Breakfast Radish,5
542,Raised Bed Trellis Net,6
542,Golden Sunflower,1
542,Lemon Cucumber,3
543,Eggplant,2
544,Seedsheet Organic Bio-Insecticide,5
545,Corn,6
545,Rainbow Chard,3
546,Giant Purple Zinnia,2
547,Buzz Buttons,5
548,Dragon Carrot,13
549,Summer Pad Thai Raised Bed Seedsheet,4
549,Chives,5
550,Kale,5
551,Salad Blend Lettuce,6
551,Cayenne Pepper,3
551,Orange Calendula,6
552,Provider Bush Bean,3
553,Spinach,3
554,Shishito Pepper,4
554,Broccoli,8
554,Summer Starter Garden Kit,6
555,Strawberry Blonde Sunflower,3
556,Mini Sweet Pepper,4
556,Suger Snap Pea,4
556,Eggplant,2
556,Dark Orange Marigold,7
556,SUPER Fertilizer,4
557,Spinach,3
558,Glacier Tomato,3
559,Fall Carrot,1
559,Watermelon Radish,6
559,Tomatillo,3
559,Mustard,4
560,Corn,10
560,Kale,8
561,Fresh Salsa Raised Bed Seedsheet,2
562,Easy Breeazy caprese Raised Bed Seedsheet,4
563,Kale,3
563,Summer Saver Garden Kit,3
564,Golden Sunflower,5
565,Watermelon Radish,11
565,Basil,2
566,French Green Bean,6
566,Summer Starter Garden Kit,5
567,Kale,6
568,Chives,6
569,Salad Blend Lettuce,3
569,Raised Bed Trellis Net,7
570,Suger Snap Pea,5
571,Glacier Tomato,7
571,Summer Pad Thai Raised Bed Seedsheet,5
572,Shishito Pepper,10
573,Dark Orange Marigold,2
573,Husk Cherry,7
573,Fresh Salsa Raised Bed Seedsheet,5
574,Cauliflower,5
575,Summer Salads Raised Bed Seedsheet,2
575,Thyme,2
575,Biodegradable Planting Stakes (10-pack),2
575,Spaghetti Squash,2
576,Parsley,6
577,Nastrutium,4
578,Expeditious Delicious Raised Bed Seedsheet,4
579,Provider Bush Bean,2
580,Summer Saver Garden Kit,3
581,Spring Carrot,2
581,Glacier Tomato,3
582,Suger Snap Pea,11
583,Summer Pad Thai Raised Bed Seedsheet,4
583,Basil,3
584,Rainbow Chard,2
584,Sun Gold Cherry Tomato,2
585,Kaleidoscope Cut Flowers Raised Bed Seedsheet,6
585,Eggplant,4
586,Cayenne Pepper,3
587,Summer Pad Thai Raised Bed Seedsheet,2
588,Cucamelon,1
588,Seedsheet Organic Bio-Insecticide,1
588,Edamame,6
589,Pruning & Harvesting Scissors,2
589,Beets,6
590,Mini Sweet Pepper,5
590,Zucchini,3
591,Easy Breeazy caprese Raised Bed Seedsheet,4
591,Golden Sunflower,1
591,Expeditious Delicious Raised Bed Seedsheet,2
591,Biodegradable Planting Stakes (10-pack),5
592,Cilantro,5
593,Summer Southern Comforts Raised Bed Seedsheet,3
594,Heirloom Medium Red Tomato,6
595,Watermelon Radish,4
596,Tomatillo,2
597,Dark Orange Marigold,6
598,Spaghetti Squash,6
599,Borage,15
599,Watermelon Radish,6
600,Zucchini,6
600,Summer Supreme Garden Kit,4
601,Dill,5
601,Chives,2
602,Nastrutium,3
602,Fall Carrot,2
602,Corn,2
603,Scallions,2
604,Heirloom Medium Red Tomato,5
605,Dark Orange Marigold,4
606,Telescoping Water Wand,2
606,Spinach,5
607,Glacier Tomato,5
607,Large Bell Pepper,1
608,Lemon Cucumber,9
609,Provider Bush Bean,2
609,Raised Bed Trellis Net,2
610,Sage,2
611,Corn,4
611,SUPER Fertilizer,6
612,Summer Three Sisters Raised Bed Seedsheet,2
612,Zucchini,5
612,Seedsheet Organic Bio-Insecticide,2
613,Summer Saver Garden Kit,3
613,Butterhead Lettuce,2
613,Fennel,4
613,SUPER Fertilizer,5
614,Watermelon Radish,3
614,Salad Blend Lettuce,4
615,Suger Snap Pea,3
615,Chives,2
616,Dark Orange Marigold,3
616,Pruning & Harvesting Scissors,2
616,Biodegradable Planting Stakes (10-pack),7
617,Rainbow Chard,4
618,Kale,2
619,Telescoping Water Wand,4
619,French Breakfast Radish,3
620,Racer Pumpkin,8
621,Tomatillo,2
621,Watermelon Radish,5
622,Summer Three Sisters Raised Bed Seedsheet,4
622,Giant Purple Zinnia,4
622,Broccolini,3
623,Dragon Carrot,5
623,Yellow Squash,4
624,Nastrutium,6
624,Summer Supreme Garden Kit,7
625,Watermelon Radish,4
626,Arugula,4
627,Giant Purple Zinnia,2
627,Glacier Tomato,6
628,Roots and Shoots Fall Garden,3
628,Picture Perfect Pickling Fall Garden,2
628,Arugula,5
629,Mini Sweet Pepper,4
630,Kaleidoscope Cut Flowers Raised Bed Seedsheet,3
631,Fall Carrot,4
631,Summer Supreme Garden Kit,7
631,Deep Purple Carrot,2
632,Rainbow Chard,3
633,Sage,1
634,SUPER Fertilizer,2
635,Fresh Salsa Raised Bed Seedsheet,1
635,Spaghetti Squash,6
635,Summer Southern Comforts Raised Bed Seedsheet,2
636,Picture Perfect Pickling Fall Garden,2
636,Strawberry Blonde Sunflower,3
637,Borage,3
638,Cucamelon,5
639,Glacier Tomato,5
640,Large Bell Pepper,4
641,Provider Bush Bean,5
642,Golden Sunflower,2
642,Spring Carrot,4
642,Strawberry Blonde Sunflower,5
643,Borage,4
644,Picture Perfect Pickling Fall Garden,3
644,Nastrutium,10
645,Eggplant,2
646,Tangerine Gem Marigold,3
647,Broccoli,6
648,Summer Supreme Garden Kit,5
649,Golden Sunflower,4
649,Fresh Salsa Raised Bed Seedsheet,3
649,Summer Supreme Garden Kit,4
650,Fresh Salsa Raised Bed Seedsheet,9
650,Glacier Tomato,2
651,Fennel,3
652,Basil,6
652,Cantaloupe,6
652,Buzz Buttons,2
653,Giant Purple Zinnia,5
654,Cantaloupe,5
655,Dark Orange Marigold,3
656,Tomatillo,3
657,Fresh Salsa Raised Bed Seedsheet,7
658,Summer Pad Thai Raised Bed Seedsheet,4
659,Cucamelon,3
659,Kale,4
660,Cayenne Pepper,4
661,Roots and Shoots Fall Garden,2
661,Summer Salads Raised Bed Seedsheet,8
662,Buzz Buttons,2
663,Cucamelon,4
663,Kale,4
664,Picture Perfect Pickling Fall Garden,4
665,Pruning & Harvesting Scissors,1
666,Cilantro,3
666,Sun Gold Cherry Tomato,6
666,Dill,2
667,Sage,4
668,Husk Cherry,2
669,Mini Sweet Pepper,11
669,Spaghetti Squash,3
670,Watermelon Radish,10
670,Arugula,4
670,Salad Blend Lettuce,3
671,Cucamelon,1
672,Jalapeno Pepper,3
672,Strawberry Blonde Sunflower,9
672,Roots and Shoots Fall Garden,2
673,Telescoping Water Wand,3
674,Summer Three Sisters Raised Bed Seedsheet,3
675,Yellow Squash,2
676,Biodegradable Planting Stakes (10-pack),3
676,Orange Calendula,1
676,Spring Carrot,7
677,Heirloom Medium Red Tomato,4
678,Fresh Salsa Raised Bed Seedsheet,2
679,Spring Carrot,3
679,Kaleidoscope Cut Flowers Raised Bed Seedsheet,9
680,Golden Sunflower,3
680,Easy Breeazy caprese Raised Bed Seedsheet,4
680,SUPER Fertilizer,2
681,Deep Purple Carrot,4
681,Spinach,6
681,Tangerine Gem Marigold,12
682,Suger Snap Pea,2
682,Dark Orange Marigold,6
683,Dark Orange Marigold,2
684,Borage,3
685,Summer Saver Garden Kit,4
685,Zucchini,3
685,Fresh Salsa Raised Bed Seedsheet,5
686,SUPER Fertilizer,1
686,Glacier Tomato,5
687,French Green Bean,3
687,Suger Snap Pea,6
688,Suger Snap Pea,3
688,Arugula,3
688,Expeditious Delicious Raised Bed Seedsheet,7
688,Summer Three Sisters Raised Bed Seedsheet,2
689,Summer Southern Comforts Raised Bed Seedsheet,3
689,Summer Starter Garden Kit,5
