1,SpTms14@gmail.com,Gefen Smith,"United States, Alabama, Auburn, 9th St, 112, 23214",2014-10-13,Air Cargo,ShopPay
2,TmGnzlz10@gmail.com,Alexander Weizman,"United States, Iowa, Waterloo, North St, 124, 86926",2014-10-15,UPS,ShopPay
3,JlDn79@gmail.com,Elijah Martin,"United States, Florida, Kissimmee, Cherry St, 15, 05551",2014-10-16,UPS,ShopPay
4,DrGrc57@gmail.com,Ofek Anderson,"United States, Connecticut, East Hartford, East St, 43, 48980",2014-10-23,USPS,ShopPay
5,GfnDn09@gmail.com,Julie Cohen,"United States, Iowa, Council Bluffs, High St, 25, 80751",2014-10-27,USPS,Klarna
6,lvJnsn80@gmail.com,Sophia Rodriguez,"United States, Delaware, Glasgow, 6th St, 30, 55628",2014-11-04,Air Cargo,Klarna
7,vMr91@gmail.com,Madison Rodriguez,"United States, Alaska, Fairbanks, Ash St, 126, 28748",2014-11-05,Regional Carriers,ShopPay
8,vMr91@gmail.com,Liam John Weizman,"United States, Montana, Missoula, 4th St, 55, 99750",2014-11-30,Amtrak Express Shipping,ShopPay
9,rrrs02@gmail.com,Oliver Thompson,"United States, Kentucky, Paducah, Chestnut St, 108, 79519",2014-12-03,Greyhound Package Express,ShopPay
10,LmSncz07@gmail.com,Elijah Mizrahi,"United States, Colorado, Centennial, Shady Ln, 113, 36481",2014-12-05,FedEx,ShopPay
11,JmsClrk81@gmail.com,Julie Gonzalez,"United States, Kansas, Dodge City, 6th St, 132, 34478",2014-12-08,UPS,ShopPay
12,vrnndz30@gmail.com,Mason White,"United States, Arizona, Goodyear, Shady Ln, 85, 19834",2014-12-09,FedEx,ShopPay
13,BnjmnLvy69@gmail.com,Emily Jackson,"United States, Michigan, Rochester Hills, Front St, 52, 83424",2014-12-10,Amazon Prime Shipping,ShopPay
14,SpCn31@gmail.com,Madison Cohen,"United States, Maryland, Hagerstown, Cedar Ln, 28, 98012",2014-12-20,Air Cargo,ShopPay
15,CrlttCLvy87@gmail.com,Ava Gonzalez,"United States, Louisiana, Lafayette, East St, 55, 94013",2014-12-21,Amtrak Express Shipping,ShopPay
16,SfFrdmn28@gmail.com,Ofri Lee,"United States, Alabama, Birmingham, 6th St, 52, 70765",2014-12-22,Regional Carriers,ShopPay
17,dnClrk21@gmail.com,Evelyn Sanchez,"United States, Hawaii, Mililani Mauka, Water St, 78, 03107",2015-01-02,Regional Carriers,Klarna
18,sbllDnlv60@gmail.com,Aiden Cohen,"United States, Minnesota, Woodbury, Maple Ave, 65, 75436",2015-01-02,Air Cargo,ShopPay
19,SpL90@gmail.com,Emily Jackson,"United States, Michigan, Rochester Hills, Front St, 52, 83424",2015-01-08,DHL,ShopPay
20,NMr51@gmail.com,Logan Lewis,"United States, Indiana, Indianapolis, High St, 75, 81978",2015-01-12,Freight Shipping,ShopPay
21,DrTylr66@gmail.com,Michael Lee,"United States, California, San Jose, Circle Dr, 126, 83705",2015-01-13,Click & Collect,ShopPay
22,LmSncz07@gmail.com,Michael Lopez,"United States, Mississippi, Starkville, Short St, 125, 67347",2015-01-13,DHL,ShopPay
23,lvMrtnz31@gmail.com,James Geva,"United States, Indiana, Hammond, 2nd Ave, 111, 98524",2015-01-15,Air Cargo,ShopPay
24,dnMzlTylr48@gmail.com,Madison Moore,"United States, Delaware, Newark, Sunset Dr, 126, 84448",2015-01-19,FedEx,ShopPay
25,tnGrc75@gmail.com,Amelia Davis,"United States, Alabama, Hoover, Airport Rd, 118, 67915",2015-01-21,Regional Carriers,ShopPay
26,SpRdrgz76@gmail.com,Oliver Martinez,"United States, Kentucky, Jeffersontown, 1st St, 38, 51274",2015-01-22,Regional Carriers,ShopPay
27,ljMllr11@gmail.com,Oren Mizrahi,"United States, Nevada, Enterprise, River Rd, 74, 84026",2015-01-29,Air Cargo,ShopPay
28,JcbL47@gmail.com,Dror Thompson,"United States, New Jersey, Camden, Cedar St, 69, 07430",2015-01-29,USPS,ShopPay
29,ljMzlSncz07@gmail.com,Michael Joseph Levy,"United States, Minnesota, Coon Rapids, Central Ave, 107, 71626",2015-02-11,FedEx,ShopPay
30,bglTylr87@gmail.com,Jackson Ann Anderson,"United States, Arkansas, Fort Smith, Highland Ave, 114, 11983",2015-02-16,Click & Collect,ShopPay
31,vMr91@gmail.com,Liam Friedman,"United States, New Jersey, Vineland, County Line Rd, 14, 58163",2015-02-20,Air Cargo,ShopPay
32,bglJspClrk72@gmail.com,Lucas Robinson,"United States, New Jersey, Toms River, Willow St, 85, 48197",2015-02-21,Regional Carriers,ShopPay
33,LmJspJcksn63@gmail.com,Michael Weizman,"United States, Georgia, Johns Creek, Meadow Ln, 110, 40079",2015-02-22,Amtrak Express Shipping,Klarna
34,SpMrtnz52@gmail.com,Ori Harris,"United States, Maine, Portland, East St, 23, 73956",2015-02-25,DHL,Klarna
35,vPrz79@gmail.com,Dror Brown,"United States, Missouri, Florissant, Washington Ave, 102, 10979",2015-03-01,DHL,ShopPay
36,vlynBrwn61@gmail.com,Oliver Gonzalez,"United States, Florida, Fort Lauderdale, Elm St, 52, 97176",2015-03-03,Freight Shipping,ShopPay
37,SfFrdmn28@gmail.com,Benjamin Mizrahi,"United States, Massachusetts, Quincy, Circle Dr, 59, 07390",2015-03-03,Freight Shipping,ShopPay
38,fkJcksn76@gmail.com,Tom Thomas,"United States, California, San Francisco, Front St, 39, 03861",2015-03-08,UPS,Klarna
39,fkJcksn76@gmail.com,Emily Jackson,"United States, Michigan, Rochester Hills, Front St, 52, 83424",2015-03-20,UPS,ShopPay
40,rMr94@gmail.com,Ofri Katz,"United States, Montana, Billings, Franklin St, 96, 17850",2015-04-08,DHL,Klarna
41,Nrrs87@gmail.com,Dror Cohen,"United States, Hawaii, Kihei, Pine St, 74, 96818",2015-04-12,Click & Collect,ShopPay
42,MdsnRbnsn54@gmail.com,Sophia Brown,"United States, Maine, Brunswick, Highland Ave, 46, 53543",2015-04-14,Click & Collect,ShopPay
43,fkJnWzmn43@gmail.com,Julie Sara Cohen,"United States, Maine, Brunswick, River Rd, 13, 96974",2015-04-21,Freight Shipping,ShopPay
44,JmsTms40@gmail.com,Ofek Ramirez,"United States, New Hampshire, Derry, Railroad Ave, 15, 69175",2015-04-22,Amtrak Express Shipping,ShopPay
45,mmMllr92@gmail.com,Mason Lee,"United States, Alabama, Huntsville, Railroad Ave, 125, 88815",2015-04-27,Amtrak Express Shipping,ShopPay
46,DrrBrwn54@gmail.com,Olivia Friedman,"United States, Arizona, Surprise, Washington Ave, 87, 88317",2015-05-01,Regional Carriers,Klarna
47,rL99@gmail.com,Ofek Davis,"United States, Connecticut, West Haven, Central Ave, 123, 76120",2015-05-02,Regional Carriers,ShopPay
48,fkJnWzmn43@gmail.com,Mason Lee,"United States, Iowa, Council Bluffs, East St, 68, 93762",2015-05-18,UPS,ShopPay
49,Jcksnnnndrsn21@gmail.com,Jacob Lewis,"United States, New Hampshire, Durham, 10th St, 30, 34309",2015-05-20,Air Cargo,Klarna
50,sbllRdrgz99@gmail.com,Michael Miller,"United States, Michigan, Wyoming, Pine St, 77, 92372",2015-05-22,Amazon Prime Shipping,ShopPay
51,SpGnzlz84@gmail.com,James Thomas,"United States, Arkansas, Pine Bluff, Mill St, 35, 85502",2015-05-26,Freight Shipping,Klarna
52,lvrMrtnz68@gmail.com,Sophia Brown,"United States, Maine, Brunswick, Highland Ave, 46, 53543",2015-06-07,Click & Collect,ShopPay
53,sbllTylr88@gmail.com,Benjamin Mizrahi,"United States, Massachusetts, Quincy, Circle Dr, 59, 07390",2015-06-13,Amazon Prime Shipping,Klarna
54,MsnL66@gmail.com,Evelyn Hernandez,"United States, Arkansas, Texarkana, Spruce St, 115, 87028",2015-06-16,UPS,ShopPay
55,MsnMrtnz51@gmail.com,Sophia Lee,"United States, Maine, Brunswick, Lakeview Dr, 107, 49105",2015-06-17,FedEx,Klarna
56,rprSmt25@gmail.com,Mason Lopez,"United States, Arizona, Chandler, 5th St, 126, 64090",2015-06-23,Regional Carriers,ShopPay
57,SpMllr09@gmail.com,Avery Brown,"United States, Kentucky, Independence, Cedar St, 82, 52231",2015-06-29,FedEx,ShopPay
58,rndrsn88@gmail.com,Elijah Mizrahi,"United States, Colorado, Centennial, Shady Ln, 113, 36481",2015-07-04,UPS,Klarna
59,Jcksnrnndz62@gmail.com,Avery Brown,"United States, Kentucky, Independence, Cedar St, 82, 52231",2015-07-07,Regional Carriers,Klarna
60,JlWzmn83@gmail.com,Logan Lee,"United States, Montana, Evergreen, Hill St, 58, 03875",2015-07-11,DHL,Klarna
61,CrlttWzmn62@gmail.com,Elijah Martin,"United States, Florida, Kissimmee, Cherry St, 15, 05551",2015-07-12,DHL,ShopPay
62,bglJspClrk72@gmail.com,Dor Anderson,"United States, Alaska, Anchorage, Railroad St, 61, 26793",2015-07-15,Greyhound Package Express,ShopPay
63,lvMrtnz31@gmail.com,Madison Davis,"United States, New Jersey, Newark, 1st St, 57, 06554",2015-07-17,Amtrak Express Shipping,Klarna
64,JcbL47@gmail.com,Olivia Davis,"United States, Illinois, Waukegan, Woodland Dr, 36, 74735",2015-07-17,DHL,ShopPay
65,SfMrtnz16@gmail.com,Alexander Robinson,"United States, Florida, Riverview, 2nd St, 100, 95698",2015-07-18,FedEx,Klarna
66,lvrMrtnz24@gmail.com,Olivia Dahan,"United States, Delaware, Middletown, Cedar Ln, 55, 84946",2015-07-19,FedEx,ShopPay
67,mlrnndz72@gmail.com,Noah White,"United States, California, Oakland, Hill St, 51, 26224",2015-07-27,Amtrak Express Shipping,ShopPay
68,LcsFrdmn68@gmail.com,Michael Danilov,"United States, Arizona, Yuma, Lincoln St, 103, 23328",2015-07-29,Freight Shipping,ShopPay
69,LmJcksn69@gmail.com,Sophia Miller,"United States, Maine, Bangor, Circle Dr, 121, 22595",2015-08-06,Click & Collect,ShopPay
70,mmPrz20@gmail.com,Abigail Taylor,"United States, Michigan, Dearborn, 6th St, 30, 51973",2015-08-09,FedEx,Klarna
71,SpCn31@gmail.com,Lucas Robinson,"United States, New Jersey, Toms River, Willow St, 85, 48197",2015-08-11,Air Cargo,ShopPay
72,MsnWt89@gmail.com,Ava Perez,"United States, Connecticut, Norwalk, County Line Rd, 135, 52824",2015-08-13,Freight Shipping,ShopPay
73,rnVgdrvtc07@gmail.com,Emily Anderson,"United States, Maine, Augusta, Park St, 27, 31916",2015-08-14,Greyhound Package Express,ShopPay
74,mlTylr22@gmail.com,Oliver Lee,"United States, Connecticut, Bridgeport, Front St, 83, 39548",2015-08-20,Air Cargo,ShopPay
75,rnJns04@gmail.com,Sophia Taylor,"United States, Delaware, Pike Creek Valley, Cedar Ln, 84, 22195",2015-08-21,DHL,Klarna
76,bglJspClrk72@gmail.com,Emily Lopez,"United States, Montana, Helena Valley West Central, 10th St, 28, 81002",2015-08-29,FedEx,ShopPay
77,JcbCn12@gmail.com,Ori Lee,"United States, Georgia, Valdosta, Jackson St, 122, 03083",2015-09-02,Click & Collect,ShopPay
78,Spndrsn13@gmail.com,Michael Lee,"United States, California, San Jose, Circle Dr, 126, 83705",2015-09-03,Regional Carriers,ShopPay
79,MsnL66@gmail.com,Ori Moore,"United States, Nebraska, Hastings, 6th St, 101, 46900",2015-09-12,UPS,Klarna
80,rnMzr40@gmail.com,Jackson Hernandez,"United States, Louisiana, Marrero, Franklin St, 103, 63158",2015-09-12,Freight Shipping,Klarna
81,SpGnzlz84@gmail.com,Emma Perez,"United States, Mississippi, Olive Branch, Shady Ln, 98, 45897",2015-09-16,Freight Shipping,Klarna
82,CrlttWzmn62@gmail.com,Lucas Friedman,"United States, Alabama, Phenix City, 2nd St, 66, 86033",2015-09-18,Amazon Prime Shipping,ShopPay
83,frrrs80@gmail.com,Madison Cohen,"United States, Nebraska, South Sioux City, Maple Ave, 4, 11746",2015-09-19,Greyhound Package Express,ShopPay
84,DrrBrwn54@gmail.com,Ava Perez,"United States, Connecticut, Norwalk, County Line Rd, 135, 52824",2015-09-25,Air Cargo,ShopPay
85,BnjmnLvy69@gmail.com,Mia Thompson,"United States, Alaska, Knik-Fairview, Sunset Dr, 68, 12759",2015-09-30,Freight Shipping,Klarna
86,vMllr67@gmail.com,Isabella Thomas,"United States, Nevada, Henderson, County Line Rd, 17, 80887",2015-10-14,UPS,Klarna
87,SpGnzlz68@gmail.com,Dor Anderson,"United States, Alaska, Anchorage, Railroad St, 61, 26793",2015-10-31,Greyhound Package Express,Klarna
88,ljlzbtLws59@gmail.com,Elijah Mizrahi,"United States, Colorado, Centennial, Shady Ln, 113, 36481",2015-11-01,Regional Carriers,ShopPay
89,SpTms14@gmail.com,Sofia Vigdorovitch,"United States, Kentucky, Paducah, Chestnut St, 62, 08525",2015-11-03,Amtrak Express Shipping,Klarna
90,bglCn95@gmail.com,Madison Cohen,"United States, Nebraska, South Sioux City, Maple Ave, 4, 11746",2015-11-08,Regional Carriers,ShopPay
91,ljMllr11@gmail.com,Madison Levy,"United States, Kentucky, Bowling Green, Washington St, 72, 06825",2015-11-28,UPS,ShopPay
92,SfJspL16@gmail.com,Noah Harris,"United States, Montana, Billings, 2nd St, 56, 75234",2015-12-01,Regional Carriers,ShopPay
93,MclWzmn73@gmail.com,Noah Weizman,"United States, Indiana, Fishers, Meadow Ln, 68, 06615",2015-12-01,FedEx,ShopPay
94,rL99@gmail.com,Oliver Taylor,"United States, Indiana, Evansville, Airport Rd, 1, 77158",2015-12-06,Air Cargo,ShopPay
95,fkRmrz22@gmail.com,Harper Marie Davis,"United States, Maryland, Annapolis, Jefferson St, 100, 62518",2015-12-18,Amazon Prime Shipping,Klarna
96,lvDvs25@gmail.com,Ava Gonzalez,"United States, Louisiana, Lafayette, East St, 55, 94013",2016-01-04,USPS,Klarna
97,mlyMllr90@gmail.com,Jacob Lewis,"United States, New Hampshire, Durham, 10th St, 30, 34309",2016-01-10,USPS,ShopPay
98,TmJns55@gmail.com,Logan Lewis,"United States, Indiana, Indianapolis, High St, 75, 81978",2016-01-15,Air Cargo,ShopPay
99,LcsGrcWzmn61@gmail.com,Charlotte Weizman,"United States, Michigan, Ann Arbor, Washington Ave, 111, 85954",2016-01-17,Greyhound Package Express,Klarna
100,mlyRbnsn12@gmail.com,Sophia Taylor,"United States, Delaware, Pike Creek Valley, Cedar Ln, 84, 22195",2016-01-21,Amazon Prime Shipping,ShopPay
101,Jcksnrnndz62@gmail.com,Elijah Martin,"United States, Florida, Kissimmee, Cherry St, 15, 05551",2016-01-29,Air Cargo,Klarna
102,sbllDnlv60@gmail.com,Sofia Weizman,"United States, Indiana, Gary, Poplar St, 42, 80933",2016-02-01,Regional Carriers,ShopPay
103,BnjmnLvy69@gmail.com,Logan Katz,"United States, Arkansas, Bentonville, East St, 21, 16019",2016-02-06,Greyhound Package Express,ShopPay
104,rnJns04@gmail.com,Michael Garcia,"United States, Colorado, Lakewood, Ash St, 66, 76187",2016-02-15,Freight Shipping,Klarna
105,mlyMllr90@gmail.com,Isabella Johnson,"United States, Iowa, Sioux City, Spruce St, 7, 07976",2016-02-24,Amazon Prime Shipping,ShopPay
106,fkRmrz22@gmail.com,Olivia Jackson,"United States, Louisiana, Marrero, Franklin St, 60, 11636",2016-02-26,DHL,Klarna
107,MdsnnnLpz84@gmail.com,Jacob Chai Anderson,"United States, Alabama, Madison, Jefferson St, 135, 72922",2016-03-01,Amtrak Express Shipping,Klarna
108,JlSrCn79@gmail.com,Oliver Lee,"United States, Connecticut, Bridgeport, Front St, 83, 39548",2016-03-11,Amazon Prime Shipping,ShopPay
109,DrTylr66@gmail.com,Mason Weizman,"United States, Idaho, Eagle, Church St, 108, 03659",2016-03-14,Greyhound Package Express,ShopPay
110,SpMrtnz52@gmail.com,Mia Taylor,"United States, Indiana, Bloomington, South St, 103, 30424",2016-03-14,USPS,Klarna
111,MdsnCn38@gmail.com,Elijah Thompson,"United States, Alaska, Sterling, Hillcrest Dr, 53, 36940",2016-03-19,Amazon Prime Shipping,ShopPay
112,ljGrc19@gmail.com,Mason Lee,"United States, Iowa, Council Bluffs, East St, 68, 93762",2016-03-23,FedEx,ShopPay
113,LcsDvs97@gmail.com,Ori Thompson,"United States, Maryland, Gaithersburg, Willow St, 108, 05738",2016-04-01,Click & Collect,Klarna
114,lxndrWzmn77@gmail.com,Noah Thomas,"United States, Montana, Missoula, 9th St, 20, 26146",2016-04-16,Greyhound Package Express,ShopPay
115,vlynBrwn61@gmail.com,Ava Hernandez,"United States, Mississippi, Olive Branch, Jefferson St, 95, 81831",2016-04-17,DHL,Klarna
116,mmPrz20@gmail.com,Logan Lee,"United States, Montana, Evergreen, Hill St, 58, 03875",2016-04-21,Amazon Prime Shipping,ShopPay
117,JmsnnLvy88@gmail.com,Noah White,"United States, California, Oakland, Hill St, 51, 26224",2016-04-24,DHL,ShopPay
118,GfnMllr94@gmail.com,Jacob Wilson,"United States, Arizona, Avondale, Adams St, 48, 65031",2016-05-04,Click & Collect,Klarna
119,lvrMrtnz68@gmail.com,Elijah Mizrahi,"United States, Colorado, Centennial, Shady Ln, 113, 36481",2016-05-06,Freight Shipping,Klarna
120,LmJspJcksn63@gmail.com,Julie Weizman,"United States, Delaware, Middletown, Cedar St, 108, 95970",2016-05-10,Air Cargo,ShopPay
121,sbllDnlv60@gmail.com,Oren Danilov,"United States, Montana, Miles City, East St, 103, 04179",2016-05-10,USPS,ShopPay
122,SfMzr53@gmail.com,Ethan Rodriguez,"United States, Nebraska, Bellevue, 3rd St, 72, 18853",2016-05-21,Greyhound Package Express,ShopPay
123,dnGrcPrz53@gmail.com,Evelyn Garcia,"United States, Kansas, Leavenworth, Cedar Ln, 33, 44370",2016-05-27,USPS,ShopPay
124,JcksnTms50@gmail.com,Ofek Ann Davis,"United States, Mississippi, Greenville, Spruce St, 88, 96920",2016-06-11,Freight Shipping,ShopPay
125,MsnMzlRbnsn23@gmail.com,Charlotte Levy,"United States, Nebraska, Beatrice, Jackson St, 23, 93479",2016-06-14,Freight Shipping,Klarna
126,LmMrSmt11@gmail.com,Benjamin Levy,"United States, Connecticut, Danbury, Ridge Rd, 98, 35184",2016-06-14,Amtrak Express Shipping,Klarna
127,rnrnndz92@gmail.com,Charlotte Geva,"United States, Maryland, Dundalk, Jefferson St, 65, 76212",2016-06-18,Click & Collect,ShopPay
128,sbllDnlv60@gmail.com,Harper Smith,"United States, Maryland, Silver Spring, 2nd Ave, 133, 62438",2016-06-24,FedEx,ShopPay
129,vKtz54@gmail.com,Madison Brown,"United States, Arizona, Surprise, Jackson St, 130, 27024",2016-07-01,Amtrak Express Shipping,ShopPay
130,JcbRsLpz85@gmail.com,Noah White,"United States, California, Oakland, Hill St, 51, 26224",2016-07-12,DHL,ShopPay
131,lxndrRbnsn65@gmail.com,Sophia Gonzalez,"United States, Louisiana, Kenner, Elm St, 20, 83949",2016-07-13,Amazon Prime Shipping,ShopPay
132,vlynFrdmn01@gmail.com,Lucas Davis,"United States, Missouri, Lee’s Summit, Oak St, 50, 63744",2016-07-14,DHL,Klarna
133,SpCn31@gmail.com,Elijah Charles Gonzalez,"United States, Mississippi, Biloxi, North St, 40, 27006",2016-07-18,DHL,ShopPay
134,lxndrlzbtDnlv58@gmail.com,Ori Harris,"United States, Maine, Portland, East St, 23, 73956",2016-07-21,Freight Shipping,ShopPay
135,sbllJnMrtn59@gmail.com,Evelyn Sanchez,"United States, Hawaii, Mililani Mauka, Water St, 78, 03107",2016-07-21,Amazon Prime Shipping,ShopPay
136,MdsnCn38@gmail.com,Emily Robinson,"United States, Hawaii, Kailua, Cedar Ln, 88, 49599",2016-07-22,Amtrak Express Shipping,ShopPay
137,SpRdrgz76@gmail.com,Ethan Perez,"United States, Kentucky, Richmond, 3rd St, 22, 29653",2016-07-23,Amazon Prime Shipping,ShopPay
138,vMr91@gmail.com,Amelia Hernandez,"United States, Connecticut, Milford city, Woodland Dr, 15, 35011",2016-08-02,Click & Collect,ShopPay
139,vlynRbnsn50@gmail.com,Isabella Jones,"United States, Kentucky, Nicholasville, Willow St, 126, 38926",2016-08-03,Air Cargo,Klarna
140,ljMllr11@gmail.com,Jackson Hernandez,"United States, Louisiana, Marrero, Franklin St, 103, 63158",2016-08-05,Amtrak Express Shipping,ShopPay
141,rnRbnsn06@gmail.com,Olivia Thomas,"United States, Massachusetts, Lynn, West St, 47, 18880",2016-08-06,DHL,ShopPay
142,dnCn38@gmail.com,Jacob Rodriguez,"United States, Georgia, Augusta, Maple St, 130, 70597",2016-08-11,Greyhound Package Express,Klarna
143,DrCn48@gmail.com,Logan Lewis,"United States, Indiana, Indianapolis, High St, 75, 81978",2016-08-12,USPS,Klarna
144,JmsJcksn71@gmail.com,Elijah Mizrahi,"United States, Delaware, Brookside, South St, 73, 09103",2016-08-14,Freight Shipping,Klarna
145,MclL75@gmail.com,Olivia Thomas,"United States, Massachusetts, Lynn, West St, 47, 18880",2016-08-15,Click & Collect,ShopPay
146,SfFrdmn28@gmail.com,Ori Brown,"United States, Nevada, Winchester, Shady Ln, 50, 90046",2016-08-17,Amtrak Express Shipping,ShopPay
147,rprSmt25@gmail.com,Sophia Gonzalez,"United States, Louisiana, Kenner, Elm St, 20, 83949",2016-08-20,UPS,ShopPay
148,mlyJcksn56@gmail.com,Emily Katz,"United States, Kansas, Leawood, 1st Ave, 50, 95666",2016-08-20,Regional Carriers,ShopPay
149,vlynBrwn61@gmail.com,Tom Martin,"United States, Hawaii, Waipahu, Meadow Ln, 81, 89463",2016-08-20,Regional Carriers,Klarna
150,dnCn61@gmail.com,Dor Taylor,"United States, New Hampshire, Claremont, 6th St, 31, 98386",2016-08-31,DHL,ShopPay
151,lvrMrtnz24@gmail.com,Jacob Garcia,"United States, Nebraska, La Vista, River Rd, 103, 63529",2016-09-07,Freight Shipping,ShopPay
152,MdsnRbnsn54@gmail.com,Tom Johnson,"United States, Maryland, Hagerstown, Washington St, 89, 91978",2016-09-15,Amazon Prime Shipping,ShopPay
153,sbllJnMrtn59@gmail.com,Mason Robinson,"United States, Hawaii, Schofield Barracks, 6th St, 102, 66868",2016-09-20,FedEx,ShopPay
154,rnrnndz92@gmail.com,Jackson Ann Anderson,"United States, Arkansas, Fort Smith, Highland Ave, 114, 11983",2016-09-21,Amazon Prime Shipping,ShopPay
155,LcsFrdmn68@gmail.com,Olivia Thomas,"United States, Massachusetts, Lynn, West St, 47, 18880",2016-09-21,DHL,Klarna
156,lvMrtnz31@gmail.com,Dror Cohen,"United States, Hawaii, Kihei, Pine St, 74, 96818",2016-09-23,Greyhound Package Express,ShopPay
157,MsnMllr40@gmail.com,Ofri Katz,"United States, Montana, Billings, Franklin St, 96, 17850",2016-09-27,Amtrak Express Shipping,ShopPay
158,vMllr67@gmail.com,Ori Anderson,"United States, Arizona, Scottsdale, 1st Ave, 83, 21021",2016-09-29,UPS,ShopPay
159,rnJns04@gmail.com,Oren Vigdorovitch,"United States, Michigan, Wyoming, Elm St, 74, 60140",2016-09-30,UPS,ShopPay
160,LmJspJcksn63@gmail.com,Sophia Gonzalez,"United States, Indiana, Lafayette, Sunset Dr, 9, 82488",2016-10-02,Amtrak Express Shipping,ShopPay
161,NDnlv92@gmail.com,Olivia Johnson,"United States, Alaska, Gateway, Water St, 124, 88510",2016-10-10,Click & Collect,ShopPay
162,lvJnsn80@gmail.com,Ori Lee,"United States, Georgia, Valdosta, Jackson St, 122, 03083",2016-10-13,Click & Collect,ShopPay
163,lvrKtz49@gmail.com,Oliver Thompson,"United States, Kentucky, Paducah, Chestnut St, 108, 79519",2016-10-16,FedEx,ShopPay
164,GfnDn09@gmail.com,Noah Harris,"United States, Montana, Billings, 2nd St, 56, 75234",2016-11-01,Regional Carriers,ShopPay
165,LmFrdmn48@gmail.com,Abigail Cohen,"United States, Kentucky, Georgetown, 7th St, 72, 33645",2016-11-05,Click & Collect,ShopPay
166,vMllr67@gmail.com,Jacob Wilson,"United States, Arizona, Avondale, Adams St, 48, 65031",2016-11-05,Click & Collect,ShopPay
167,ljGrc19@gmail.com,Dror Brown,"United States, Missouri, Florissant, Washington Ave, 102, 10979",2016-11-08,DHL,Klarna
168,Spndrsn13@gmail.com,Benjamin Levy,"United States, Connecticut, Danbury, Ridge Rd, 98, 35184",2016-11-11,Amtrak Express Shipping,ShopPay
169,MclWt46@gmail.com,Jacob Wilson,"United States, Arizona, Avondale, Adams St, 48, 65031",2016-11-14,Air Cargo,ShopPay
170,mmPrz20@gmail.com,Avery Brown,"United States, Kentucky, Independence, Cedar St, 82, 52231",2016-11-17,Regional Carriers,ShopPay
171,NTms32@gmail.com,Lucas Martin,"United States, Nebraska, South Sioux City, East St, 122, 22173",2016-11-23,USPS,ShopPay
172,dnCn61@gmail.com,Emily Lopez,"United States, Montana, Helena Valley West Central, 10th St, 28, 81002",2016-11-29,DHL,ShopPay
173,rrrs02@gmail.com,Gefen Jackson,"United States, Delaware, Hockessin, Short St, 42, 53615",2016-12-09,Air Cargo,Klarna
174,JcbL47@gmail.com,Ori Anderson,"United States, Arizona, Scottsdale, 1st Ave, 83, 21021",2016-12-12,USPS,ShopPay
175,SfVgdrvtc07@gmail.com,Emma Miller,"United States, Florida, St. Petersburg, Oak St, 28, 16443",2016-12-16,Freight Shipping,Klarna
176,ljlzbtLws59@gmail.com,Noah Ann Williams,"United States, Kentucky, Henderson, Meadow Ln, 61, 39807",2016-12-18,FedEx,Klarna
177,bglJspClrk72@gmail.com,Jacob Lewis,"United States, New Hampshire, Durham, 10th St, 30, 34309",2016-12-24,USPS,ShopPay
178,rnMzr40@gmail.com,Noah Weizman,"United States, Indiana, Fishers, Meadow Ln, 68, 06615",2017-01-06,Amtrak Express Shipping,Klarna
179,MsnWt89@gmail.com,Sophia Cohen,"United States, Georgia, Macon, 1st Ave, 105, 27651",2017-01-10,Click & Collect,Klarna
180,tnSmt77@gmail.com,Oren Danilov,"United States, Montana, Miles City, East St, 103, 04179",2017-01-10,Greyhound Package Express,Klarna
181,dnMzlTylr48@gmail.com,Michael Garcia,"United States, Colorado, Lakewood, Ash St, 66, 76187",2017-01-13,DHL,ShopPay
182,JmsFrdmn68@gmail.com,Mia Thompson,"United States, Alaska, Knik-Fairview, Sunset Dr, 68, 12759",2017-01-15,DHL,ShopPay
183,tnSmt77@gmail.com,Madison Cohen,"United States, Maryland, Hagerstown, Cedar Ln, 28, 98012",2017-01-16,Amtrak Express Shipping,Klarna
184,BnjmnPrz26@gmail.com,Olivia Harris,"United States, Indiana, Carmel, Locust St, 93, 74552",2017-01-20,Click & Collect,ShopPay
185,fkndrsn62@gmail.com,Mia Taylor,"United States, Indiana, Bloomington, South St, 103, 30424",2017-01-27,UPS,Klarna
186,DrrBrwn54@gmail.com,Oliver Thompson,"United States, Kentucky, Paducah, Chestnut St, 108, 79519",2017-01-28,Air Cargo,Klarna
187,MdsnRbnsn54@gmail.com,Oliver Katz,"United States, California, Los Angeles, Franklin St, 40, 38559",2017-01-30,Amazon Prime Shipping,Klarna
188,DrTylr66@gmail.com,Isabella Johnson,"United States, Iowa, Sioux City, Spruce St, 7, 07976",2017-02-03,DHL,Klarna
189,fkJnWzmn43@gmail.com,Mason Lopez,"United States, Arizona, Chandler, 5th St, 126, 64090",2017-02-06,UPS,ShopPay
190,JcksnTms50@gmail.com,Madison Cohen,"United States, Maryland, Hagerstown, Cedar Ln, 28, 98012",2017-02-08,Regional Carriers,Klarna
191,vlynFrdmn13@gmail.com,Harper Davis,"United States, Louisiana, Bossier City, Ridge Rd, 92, 30513",2017-02-14,Greyhound Package Express,ShopPay
192,TmMzr71@gmail.com,Logan Katz,"United States, Arkansas, Bentonville, East St, 21, 16019",2017-02-15,Greyhound Package Express,ShopPay
193,JmsJnWllms60@gmail.com,Lucas Robinson,"United States, New Jersey, Toms River, Willow St, 85, 48197",2017-02-19,FedEx,ShopPay
194,vlynTmpsn03@gmail.com,Jacob Lewis,"United States, Massachusetts, Boston, Cedar Ln, 72, 54949",2017-02-28,UPS,ShopPay
195,rBrwn18@gmail.com,Aiden Cohen,"United States, Michigan, Farmington Hills, School St, 120, 50134",2017-03-01,UPS,ShopPay
196,fkndrsn62@gmail.com,Alexander Elizabeth Danilov,"United States, California, Riverside, Main St, 15, 61361",2017-03-04,Click & Collect,Klarna
197,dnL87@gmail.com,Sofia Wilson,"United States, Iowa, Ankeny, Center St, 126, 41963",2017-03-07,Amazon Prime Shipping,ShopPay
198,ljlzbtLws59@gmail.com,Mia Thompson,"United States, Alaska, Knik-Fairview, Sunset Dr, 68, 12759",2017-03-09,Greyhound Package Express,ShopPay
199,sbllRdrgz99@gmail.com,Aiden Cohen,"United States, Minnesota, Woodbury, Maple Ave, 65, 75436",2017-03-12,Regional Carriers,ShopPay
200,rnRbnsn06@gmail.com,Noah Wilson,"United States, Kentucky, Louisville, Washington Ave, 118, 46250",2017-03-16,UPS,Klarna
201,frrrs80@gmail.com,Ethan Smith,"United States, Michigan, Grand Rapids, 4th St, 108, 08118",2017-03-16,USPS,ShopPay
202,JcksnDvs12@gmail.com,Abigail Davis,"United States, Mississippi, Horn Lake, Front St, 123, 73622",2017-03-18,Air Cargo,ShopPay
203,mlyKtz80@gmail.com,Liam Friedman,"United States, New Jersey, Vineland, County Line Rd, 14, 58163",2017-04-04,DHL,Klarna
204,JmsTms40@gmail.com,Emily Anderson,"United States, Maine, Augusta, Park St, 27, 31916",2017-04-05,Amazon Prime Shipping,ShopPay
205,fkndrsn62@gmail.com,Ava Gonzalez,"United States, Louisiana, Lafayette, East St, 55, 94013",2017-04-27,Regional Carriers,Klarna
206,NDnlv92@gmail.com,Noah Weizman,"United States, Indiana, Fishers, Meadow Ln, 68, 06615",2017-04-30,Freight Shipping,ShopPay
207,DrGrc57@gmail.com,Noah Weizman,"United States, Indiana, Fishers, Meadow Ln, 68, 06615",2017-05-03,USPS,Klarna
208,LcsFrdmn68@gmail.com,Mason Lee,"United States, Iowa, Council Bluffs, East St, 68, 93762",2017-05-10,Greyhound Package Express,Klarna
209,BnjmnLpz32@gmail.com,Oliver Martinez,"United States, Illinois, Des Plaines, Jefferson St, 48, 99452",2017-05-11,Regional Carriers,ShopPay
210,SfWlsn37@gmail.com,Jackson Thomas,"United States, Maryland, Hagerstown, 3rd St, 131, 45341",2017-05-11,FedEx,ShopPay
211,sbllRdrgz99@gmail.com,Jackson Davis,"United States, Delaware, Dover, 3rd Ave, 19, 77076",2017-05-13,FedEx,ShopPay
212,vlynFrdmn13@gmail.com,Evelyn Hernandez,"United States, Arkansas, Texarkana, Spruce St, 115, 87028",2017-05-14,UPS,ShopPay
213,SpRdrgz76@gmail.com,Dor Cohen,"United States, Indiana, Anderson, 4th St, 4, 26181",2017-05-14,Regional Carriers,Klarna
214,SfWlsn37@gmail.com,Jacob Lewis,"United States, Massachusetts, Boston, Cedar Ln, 72, 54949",2017-05-27,Click & Collect,ShopPay
215,SfMzr53@gmail.com,Michael Garcia,"United States, Colorado, Lakewood, Ash St, 66, 76187",2017-06-06,Amazon Prime Shipping,ShopPay
216,vlynrnndz30@gmail.com,Aiden Mizrahi,"United States, New Jersey, Union City, 3rd Ave, 130, 44039",2017-06-08,DHL,ShopPay
217,SfFrdmn28@gmail.com,Mason Lopez,"United States, Arizona, Chandler, 5th St, 126, 64090",2017-06-16,Freight Shipping,ShopPay
218,vlynFrdmn13@gmail.com,Ethan Rodriguez,"United States, Nebraska, Bellevue, 3rd St, 72, 18853",2017-06-20,USPS,Klarna
219,mlClrk22@gmail.com,Mason Lee,"United States, Iowa, Council Bluffs, East St, 68, 93762",2017-06-22,Regional Carriers,ShopPay
220,JlKtz68@gmail.com,Dror Geva,"United States, Connecticut, Milford city, Lakeview Dr, 13, 49158",2017-06-26,Click & Collect,ShopPay
221,SfMzr53@gmail.com,Lucas Davis,"United States, Missouri, Lee’s Summit, Oak St, 50, 63744",2017-06-26,Greyhound Package Express,Klarna
222,SfVgdrvtc18@gmail.com,Emma Harris,"United States, Kansas, Olathe, Hill St, 8, 43280",2017-07-05,FedEx,Klarna
223,tnRdrgz89@gmail.com,Emily Robinson,"United States, Hawaii, Kailua, Cedar Ln, 88, 49599",2017-07-17,Greyhound Package Express,Klarna
224,SpGnzlz84@gmail.com,Oliver Thompson,"United States, Kentucky, Paducah, Chestnut St, 108, 79519",2017-07-19,Air Cargo,ShopPay
225,SpGnzlz84@gmail.com,Evelyn Garcia,"United States, Kansas, Leavenworth, Cedar Ln, 33, 44370",2017-07-22,USPS,ShopPay
226,mlClrk76@gmail.com,Ava Anderson,"United States, Illinois, Naperville, Hill St, 72, 99029",2017-07-26,Click & Collect,ShopPay
227,MdsnLpz64@gmail.com,Aiden Grace Perez,"United States, Nevada, Spring Valley, Maple Ave, 43, 75667",2017-07-26,Freight Shipping,ShopPay
228,rrrs02@gmail.com,Elijah Mizrahi,"United States, Delaware, Brookside, South St, 73, 09103",2017-08-10,Regional Carriers,Klarna
229,rBrwn18@gmail.com,Logan Katz,"United States, Arkansas, Bentonville, East St, 21, 16019",2017-08-12,Amazon Prime Shipping,Klarna
230,mlyWlsn47@gmail.com,Charlotte Chai Levy,"United States, Montana, Miles City, Park Ave, 7, 36487",2017-08-18,Freight Shipping,ShopPay
231,BnjmnLvy69@gmail.com,Avery Brown,"United States, Kentucky, Independence, Cedar St, 82, 52231",2017-08-21,USPS,Klarna
232,JlCn61@gmail.com,Madison Robinson,"United States, Missouri, Springfield, Front St, 57, 73316",2017-08-31,Click & Collect,Klarna
233,Nrrs87@gmail.com,Mia Thompson,"United States, Alaska, Knik-Fairview, Sunset Dr, 68, 12759",2017-09-13,Amtrak Express Shipping,ShopPay
234,mmMllr92@gmail.com,Harper Davis,"United States, Louisiana, Bossier City, Ridge Rd, 92, 30513",2017-09-20,Amtrak Express Shipping,ShopPay
235,JlGrc29@gmail.com,Olivia Harris,"United States, Indiana, Carmel, Locust St, 93, 74552",2017-09-21,UPS,Klarna
236,mlyMllr90@gmail.com,Evelyn Sanchez,"United States, Hawaii, Mililani Mauka, Water St, 78, 03107",2017-10-09,Freight Shipping,ShopPay
237,lxndrlzbtDnlv58@gmail.com,Abigail Taylor,"United States, Michigan, Dearborn, 6th St, 30, 51973",2017-10-18,FedEx,Klarna
238,JmsTms40@gmail.com,Michael Jones,"United States, Indiana, Muncie, Ash St, 48, 96360",2017-10-28,Click & Collect,ShopPay
239,mmMllr92@gmail.com,Oren Danilov,"United States, Montana, Miles City, East St, 103, 04179",2017-11-06,Freight Shipping,ShopPay
240,TmWt75@gmail.com,Olivia Brown,"United States, New Jersey, Newark, Meadow Ln, 41, 17822",2017-11-06,FedEx,Klarna
241,SfJspL16@gmail.com,Michael Lee,"United States, California, San Jose, Circle Dr, 126, 83705",2017-11-08,Greyhound Package Express,ShopPay
242,JmsJnWllms60@gmail.com,Madison Rodriguez,"United States, Alaska, Fairbanks, Ash St, 126, 28748",2017-11-12,FedEx,Klarna
243,JcbGrc14@gmail.com,Ori Lopez,"United States, New Jersey, Lakewood, N Main St, 12, 14548",2017-11-12,FedEx,ShopPay
244,SfWlsn37@gmail.com,Sophia Cohen,"United States, Georgia, Macon, 1st Ave, 105, 27651",2017-11-23,Freight Shipping,ShopPay
245,JlGnzlz70@gmail.com,Julie Sara Cohen,"United States, Maine, Brunswick, River Rd, 13, 96974",2017-11-25,UPS,ShopPay
246,fkJnWzmn43@gmail.com,Sophia Lee,"United States, Maine, Brunswick, Lakeview Dr, 107, 49105",2017-11-29,Click & Collect,ShopPay
247,sbllDnlv60@gmail.com,Oliver Lee,"United States, Connecticut, Bridgeport, Front St, 83, 39548",2017-11-29,Air Cargo,ShopPay
248,rJnsn87@gmail.com,Elijah Garcia,"United States, Alabama, Phenix City, 3rd St, 29, 16714",2017-12-03,Air Cargo,ShopPay
249,MsnWt89@gmail.com,Michael Miller,"United States, Michigan, Wyoming, Pine St, 77, 92372",2017-12-19,Click & Collect,ShopPay
250,vlynBrwn61@gmail.com,Ava Perez,"United States, Connecticut, Norwalk, County Line Rd, 135, 52824",2017-12-20,Greyhound Package Express,Klarna
251,Jcksnrnndz62@gmail.com,Aiden Moore,"United States, Louisiana, Baton Rouge, School St, 60, 18488",2017-12-23,Regional Carriers,Klarna
252,rrrs02@gmail.com,Amelia Hernandez,"United States, Connecticut, Milford city, Woodland Dr, 15, 35011",2018-01-04,Amtrak Express Shipping,Klarna
253,rrrs02@gmail.com,Benjamin Thomas,"United States, Indiana, Noblesville, North St, 28, 83666",2018-01-06,DHL,ShopPay
254,DrGrc57@gmail.com,Avery Brown,"United States, New Jersey, Clifton, Maple Ave, 114, 72482",2018-01-06,Click & Collect,ShopPay
255,mlClrk76@gmail.com,Elijah Mizrahi,"United States, Delaware, Brookside, South St, 73, 09103",2018-01-15,Freight Shipping,ShopPay
256,mlyJcksn56@gmail.com,Mia Taylor,"United States, Indiana, Bloomington, South St, 103, 30424",2018-01-16,Amtrak Express Shipping,Klarna
257,JlDn79@gmail.com,Tom Thomas,"United States, California, San Francisco, Front St, 39, 03861",2018-01-26,DHL,ShopPay
258,mmMzr90@gmail.com,Sophia Gonzalez,"United States, Louisiana, Kenner, Elm St, 20, 83949",2018-02-02,Greyhound Package Express,ShopPay
259,frrrs80@gmail.com,Mia Thompson,"United States, Alaska, Knik-Fairview, Sunset Dr, 68, 12759",2018-02-11,Air Cargo,Klarna
260,rMr94@gmail.com,Avery Brown,"United States, Kentucky, Independence, Cedar St, 82, 52231",2018-02-20,Air Cargo,ShopPay
261,fkJcksn76@gmail.com,Noah Wilson,"United States, Kentucky, Louisville, Washington Ave, 118, 46250",2018-02-24,Amazon Prime Shipping,Klarna
262,MsnLpz65@gmail.com,Jackson Ann Anderson,"United States, Arkansas, Fort Smith, Highland Ave, 114, 11983",2018-03-10,Freight Shipping,ShopPay
263,rL99@gmail.com,Benjamin Mizrahi,"United States, Massachusetts, Quincy, Circle Dr, 59, 07390",2018-03-16,DHL,ShopPay
264,LcsGrcWzmn61@gmail.com,Michael Danilov,"United States, Arizona, Yuma, Lincoln St, 103, 23328",2018-03-18,Freight Shipping,Klarna
265,MsnWt89@gmail.com,Ava Perez,"United States, Connecticut, Norwalk, County Line Rd, 135, 52824",2018-03-18,Greyhound Package Express,Klarna
266,vPrz79@gmail.com,Oliver Lee Smith,"United States, Florida, Miami, River Rd, 40, 43557",2018-03-27,DHL,ShopPay
267,dnMzr54@gmail.com,Logan Katz,"United States, Arkansas, Bentonville, East St, 21, 16019",2018-03-29,Click & Collect,Klarna
268,LmSncz07@gmail.com,Sophia Thomas,"United States, Kentucky, Florence, Washington Ave, 63, 99260",2018-03-30,Amazon Prime Shipping,ShopPay
269,NTms32@gmail.com,Tom Ramirez,"United States, Mississippi, Hattiesburg, River Rd, 31, 16887",2018-04-10,DHL,ShopPay
270,vMr91@gmail.com,Madison Davis,"United States, New Jersey, Newark, 1st St, 57, 06554",2018-04-17,Greyhound Package Express,ShopPay
271,SfVgdrvtc07@gmail.com,Liam Rodriguez,"United States, Nevada, Reno, 3rd St, 49, 62459",2018-04-20,Freight Shipping,ShopPay
272,mlClrk76@gmail.com,James Anderson,"United States, Illinois, Springfield, Lakeview Dr, 63, 74739",2018-04-20,Greyhound Package Express,ShopPay
273,DrTylr66@gmail.com,Ori Lee,"United States, Georgia, Valdosta, Jackson St, 122, 03083",2018-04-21,FedEx,Klarna
274,BnjmnPrz26@gmail.com,Sofia Wilson,"United States, Iowa, Ankeny, Center St, 126, 41963",2018-04-25,USPS,ShopPay
275,CrlttCLvy87@gmail.com,Noah Lopez,"United States, Indiana, Terre Haute, S Main St, 44, 14155",2018-05-03,Amazon Prime Shipping,ShopPay
276,MsnMllr40@gmail.com,Sophia Anderson,"United States, Iowa, Ankeny, Vine St, 126, 74192",2018-05-04,FedEx,ShopPay
277,GfnSmt50@gmail.com,Liam Marie Smith,"United States, Minnesota, Woodbury, Sunset Dr, 34, 37729",2018-05-05,DHL,Klarna
278,mlClrk22@gmail.com,James Anderson,"United States, Illinois, Springfield, Lakeview Dr, 63, 74739",2018-05-10,Air Cargo,ShopPay
279,LcsGrcWzmn61@gmail.com,Sofia Friedman,"United States, Minnesota, Maple Grove, Railroad St, 35, 41563",2018-05-11,Regional Carriers,ShopPay
280,TmJns55@gmail.com,Benjamin Perez,"United States, Florida, Daytona Beach, 8th St, 125, 32316",2018-05-14,Greyhound Package Express,ShopPay
281,MsnWt89@gmail.com,Jacob Chai Anderson,"United States, Alabama, Madison, Jefferson St, 135, 72922",2018-05-18,Air Cargo,Klarna
282,NLpz52@gmail.com,Sophia Cohen,"United States, Indiana, Fishers, South St, 50, 40206",2018-05-21,UPS,Klarna
283,bglCn95@gmail.com,Sophia Cohen,"United States, Indiana, Fishers, South St, 50, 40206",2018-05-26,Amazon Prime Shipping,ShopPay
284,SfWlsn37@gmail.com,Ethan Rodriguez,"United States, Nebraska, Bellevue, 3rd St, 72, 18853",2018-05-26,Amazon Prime Shipping,ShopPay
285,mlTms24@gmail.com,Julie Katz,"United States, Mississippi, Greenville, 3rd St, 131, 84766",2018-05-30,USPS,ShopPay
286,MclWzmn73@gmail.com,Harper Smith,"United States, Maryland, Silver Spring, 2nd Ave, 133, 62438",2018-05-30,Regional Carriers,Klarna
287,lxndrGrc29@gmail.com,Abigail Taylor,"United States, Michigan, Dearborn, 6th St, 30, 51973",2018-05-31,UPS,Klarna
288,JmsClrk81@gmail.com,Charlotte Levy,"United States, Nebraska, Beatrice, Jackson St, 23, 93479",2018-06-06,Air Cargo,Klarna
289,MsnWt89@gmail.com,Ava Katz,"United States, New Hampshire, Claremont, Locust St, 136, 85275",2018-06-07,FedEx,ShopPay
290,LmJcksn69@gmail.com,Evelyn Brown,"United States, Alaska, College, S Main St, 52, 41059",2018-06-09,Regional Carriers,Klarna
291,DrTylr66@gmail.com,Sofia Lee Martin,"United States, Iowa, Davenport, 1st Ave, 33, 20261",2018-06-10,USPS,ShopPay
292,SfWlsn37@gmail.com,Isabella Clark,"United States, New Jersey, Paterson, Oak St, 52, 20781",2018-06-12,Regional Carriers,ShopPay
293,mlTylr22@gmail.com,Emma Mizrahi,"United States, Arizona, Tucson, Central Ave, 59, 34454",2018-06-21,Greyhound Package Express,Klarna
294,JcbJns46@gmail.com,Dror Thompson,"United States, New Jersey, Camden, Cedar St, 69, 07430",2018-06-25,Freight Shipping,ShopPay
295,JlDn79@gmail.com,Aiden Cohen,"United States, Minnesota, Woodbury, Maple Ave, 65, 75436",2018-06-28,Regional Carriers,ShopPay
296,fkJnWzmn43@gmail.com,Isabella Taylor,"United States, Florida, Tallahassee, 1st Ave, 127, 95378",2018-07-01,Amtrak Express Shipping,Klarna
297,mlyWlsn47@gmail.com,Jacob Rodriguez,"United States, Georgia, Augusta, Maple St, 130, 70597",2018-07-13,Freight Shipping,ShopPay
298,LcsGrcWzmn61@gmail.com,Harper Mizrahi,"United States, Minnesota, Woodbury, 6th St, 90, 30313",2018-07-15,UPS,ShopPay
299,TmWt75@gmail.com,Oren Robinson,"United States, Iowa, Ames, Washington St, 123, 28926",2018-07-17,Freight Shipping,Klarna
300,JlSrCn79@gmail.com,Dor Miller,"United States, Colorado, Lakewood, Woodland Dr, 22, 90841",2018-08-01,Amtrak Express Shipping,Klarna
301,TmMzr86@gmail.com,Harper Mizrahi,"United States, Minnesota, Woodbury, 6th St, 90, 30313",2018-08-07,Amtrak Express Shipping,ShopPay
302,vlynrnndz30@gmail.com,Sophia Rodriguez,"United States, Delaware, Glasgow, 6th St, 30, 55628",2018-08-10,Air Cargo,ShopPay
303,JmsTms40@gmail.com,Madison Brown,"United States, Arizona, Surprise, Jackson St, 130, 27024",2018-08-19,Air Cargo,ShopPay
304,lvrGnzlz03@gmail.com,Evelyn Robinson,"United States, Massachusetts, Springfield, 3rd Ave, 45, 28378",2018-08-19,Air Cargo,ShopPay
305,mlClrk22@gmail.com,Aiden Clark,"United States, Kentucky, Elizabethtown, School St, 37, 18295",2018-08-28,Greyhound Package Express,ShopPay
306,vlynrnndz30@gmail.com,Tom Johnson,"United States, Maryland, Hagerstown, Washington St, 89, 91978",2018-09-01,Click & Collect,Klarna
307,rprSmt25@gmail.com,Ori Davis,"United States, Florida, North Port, 4th Ave, 75, 64213",2018-09-07,Greyhound Package Express,ShopPay
308,lxndrWzmn77@gmail.com,Michael Danilov,"United States, Arizona, Yuma, Lincoln St, 103, 23328",2018-09-14,FedEx,ShopPay
309,mlTms24@gmail.com,Madison Rodriguez,"United States, Alaska, Fairbanks, Ash St, 126, 28748",2018-09-14,Freight Shipping,ShopPay
310,CrlttCLvy87@gmail.com,Benjamin Miller,"United States, Kansas, Overland Park, 3rd St, 46, 67718",2018-09-18,Air Cargo,ShopPay
311,mlTylr22@gmail.com,Jacob Cohen,"United States, Connecticut, New Britain, Maple St, 119, 77318",2018-09-22,Amazon Prime Shipping,ShopPay
312,LmRdrgz92@gmail.com,Elijah Elizabeth Lewis,"United States, Montana, Bozeman, Maple St, 123, 84957",2018-09-23,UPS,ShopPay
313,frrrs80@gmail.com,Sophia Gonzalez,"United States, Louisiana, Kenner, Elm St, 20, 83949",2018-09-25,Click & Collect,Klarna
314,SfMzr53@gmail.com,Michael Weizman,"United States, Georgia, Johns Creek, Meadow Ln, 110, 40079",2018-10-03,USPS,ShopPay
315,JmsSncz22@gmail.com,Logan Katz,"United States, Arkansas, Bentonville, East St, 21, 16019",2018-10-05,Greyhound Package Express,ShopPay
316,rMr94@gmail.com,Jacob Cohen,"United States, Connecticut, New Britain, Maple St, 119, 77318",2018-10-06,Amazon Prime Shipping,Klarna
317,rnMzr40@gmail.com,Aiden Moore,"United States, Louisiana, Baton Rouge, School St, 60, 18488",2018-10-13,UPS,ShopPay
318,TmWt75@gmail.com,Dror Sara Williams,"United States, Missouri, Florissant, Poplar St, 136, 50808",2018-10-27,DHL,ShopPay
319,dnGrcPrz53@gmail.com,Ofri Lewis,"United States, Arizona, Buckeye, Railroad St, 74, 64485",2018-11-08,DHL,ShopPay
320,SpTms14@gmail.com,Oren Danilov,"United States, New Jersey, Bayonne, Front St, 56, 06916",2018-11-13,Freight Shipping,Klarna
321,MsnWt89@gmail.com,Abigail Joseph Clark,"United States, Minnesota, Maple Grove, Pine St, 85, 74345",2018-11-17,Click & Collect,ShopPay
322,JmsTms40@gmail.com,Ori Moore,"United States, Nebraska, Hastings, 6th St, 101, 46900",2018-11-19,Greyhound Package Express,Klarna
323,JcbCn12@gmail.com,Jacob Katz,"United States, Michigan, Kalamazoo, Meadow Ln, 38, 88510",2018-12-05,Freight Shipping,ShopPay
324,vlynFrdmn01@gmail.com,Sophia Cohen,"United States, Indiana, Fishers, South St, 50, 40206",2018-12-06,DHL,ShopPay
325,GfnSmt50@gmail.com,Ava Elizabeth Lee,"United States, California, Santa Ana, Water St, 99, 41004",2018-12-19,FedEx,ShopPay
326,rnRbnsn06@gmail.com,Elijah Mazal Sanchez,"United States, Iowa, Waterloo, Franklin St, 133, 05757",2019-01-12,USPS,Klarna
327,JcbJns46@gmail.com,Liam Anderson,"United States, Indiana, Carmel, 3rd St, 16, 67406",2019-01-27,DHL,Klarna
328,ljMzr90@gmail.com,Ori Lee,"United States, Georgia, Valdosta, Jackson St, 122, 03083",2019-01-27,Regional Carriers,ShopPay
329,dnMzlTylr48@gmail.com,Benjamin Mizrahi,"United States, Massachusetts, Quincy, Circle Dr, 59, 07390",2019-01-31,Amazon Prime Shipping,ShopPay
330,SfFrdmn28@gmail.com,James Jackson,"United States, Missouri, Blue Springs, S Main St, 111, 85782",2019-02-18,Air Cargo,Klarna
331,JlDn79@gmail.com,Sophia Cohen,"United States, Georgia, Macon, 1st Ave, 105, 27651",2019-02-21,FedEx,ShopPay
332,sbllDnlv60@gmail.com,Madison Levy,"United States, Kentucky, Bowling Green, Washington St, 72, 06825",2019-02-26,Amazon Prime Shipping,ShopPay
333,JmsTms40@gmail.com,James Friedman,"United States, Maine, Augusta, Spruce St, 68, 88031",2019-03-05,Greyhound Package Express,ShopPay
334,mmPrz20@gmail.com,Amelia Davis,"United States, Alabama, Hoover, Airport Rd, 118, 67915",2019-03-15,Air Cargo,Klarna
335,lxndrRbnsn65@gmail.com,Oren Danilov,"United States, New Jersey, Bayonne, Front St, 56, 06916",2019-03-25,Air Cargo,ShopPay
336,NRdrgz64@gmail.com,Noah Wilson,"United States, Kentucky, Louisville, Washington Ave, 118, 46250",2019-03-25,Regional Carriers,ShopPay
337,MclL75@gmail.com,Sophia Rose Geva,"United States, New Hampshire, Portsmouth, Short St, 30, 83148",2019-03-31,Freight Shipping,ShopPay
338,rprSmt25@gmail.com,Sophia Cohen,"United States, Georgia, Macon, 1st Ave, 105, 27651",2019-04-04,Amtrak Express Shipping,ShopPay
339,dnMzr54@gmail.com,Abigail Cohen,"United States, Kentucky, Georgetown, 7th St, 72, 33645",2019-04-10,Air Cargo,ShopPay
340,SfVgdrvtc18@gmail.com,Mason Lee,"United States, Alabama, Huntsville, Railroad Ave, 125, 88815",2019-04-12,Air Cargo,ShopPay
341,dnMzlTylr48@gmail.com,Emily Katz,"United States, Kansas, Leawood, 1st Ave, 50, 95666",2019-04-19,FedEx,Klarna
342,lxndrGrc29@gmail.com,Olivia Dahan,"United States, Delaware, Middletown, Cedar Ln, 55, 84946",2019-04-25,Freight Shipping,ShopPay
343,rprSmt25@gmail.com,Ori Anderson,"United States, Arizona, Scottsdale, 1st Ave, 83, 21021",2019-04-25,Amtrak Express Shipping,ShopPay
344,lxndrGrc29@gmail.com,Mason Robinson,"United States, Hawaii, Schofield Barracks, 6th St, 102, 66868",2019-05-04,Freight Shipping,ShopPay
345,lvDn32@gmail.com,Mason Martinez,"United States, Alaska, College, Jefferson St, 84, 03067",2019-05-10,Air Cargo,ShopPay
346,JcksnTms50@gmail.com,Evelyn Sanchez,"United States, Hawaii, Mililani Mauka, Water St, 78, 03107",2019-05-26,Greyhound Package Express,Klarna
347,vKtz54@gmail.com,Emma Harris,"United States, Kansas, Olathe, Hill St, 8, 43280",2019-05-28,Air Cargo,Klarna
348,SfFrdmn28@gmail.com,Julie Mazal Katz,"United States, Massachusetts, New Bedford, 4th St, 52, 21399",2019-06-03,Click & Collect,Klarna
349,LmJspJcksn63@gmail.com,Michael Danilov,"United States, Arizona, Yuma, Lincoln St, 103, 23328",2019-06-04,FedEx,ShopPay
350,JcbJns46@gmail.com,Sophia Sanchez,"United States, Montana, Miles City, 9th St, 18, 95941",2019-06-13,Greyhound Package Express,ShopPay
351,SfMrtnz16@gmail.com,Logan Lewis,"United States, Indiana, Indianapolis, High St, 75, 81978",2019-06-30,DHL,Klarna
352,LmJcksn69@gmail.com,James Sanchez,"United States, Idaho, Boise, Mill St, 85, 53752",2019-07-09,FedEx,ShopPay
353,vlynRbnsn50@gmail.com,Sophia Taylor,"United States, Delaware, Pike Creek Valley, Cedar Ln, 84, 22195",2019-07-12,Amtrak Express Shipping,ShopPay
354,BnjmnLpz32@gmail.com,Benjamin Miller,"United States, Kansas, Overland Park, 3rd St, 46, 67718",2019-07-12,DHL,Klarna
355,LmMrSmt11@gmail.com,Emily Katz,"United States, Kansas, Leawood, 1st Ave, 50, 95666",2019-07-23,UPS,ShopPay
356,bglCn95@gmail.com,Jackson Levy,"United States, Alaska, Juneau, Airport Rd, 120, 10411",2019-08-02,USPS,ShopPay
357,ljGrc19@gmail.com,Ori Anderson,"United States, Arizona, Scottsdale, 1st Ave, 83, 21021",2019-08-03,DHL,ShopPay
358,dnClrk21@gmail.com,Emma John Cohen,"United States, Maryland, Glen Burnie, Chestnut St, 91, 87586",2019-08-04,Air Cargo,Klarna
359,vlynrnndz30@gmail.com,Elijah Mazal Sanchez,"United States, Iowa, Waterloo, Franklin St, 133, 05757",2019-08-07,DHL,ShopPay
360,JmsSncz22@gmail.com,Amelia Clark,"United States, Montana, Kalispell, 2nd Ave, 33, 60687",2019-08-07,FedEx,ShopPay
361,MsnMzlRbnsn23@gmail.com,Sofia Lee Martin,"United States, Iowa, Davenport, 1st Ave, 33, 20261",2019-08-19,UPS,ShopPay
362,SpRdrgz76@gmail.com,Jacob Rodriguez,"United States, Georgia, Augusta, Maple St, 130, 70597",2019-08-20,Regional Carriers,ShopPay
363,dnCn38@gmail.com,Dor Cohen,"United States, Indiana, Anderson, 4th St, 4, 26181",2019-08-22,Greyhound Package Express,ShopPay
364,BnjmnLpz32@gmail.com,Sophia Rodriguez,"United States, Delaware, Glasgow, 6th St, 30, 55628",2019-08-24,DHL,ShopPay
365,dnCn61@gmail.com,Jackson Robinson,"United States, Alaska, Wasilla, 1st Ave, 72, 08605",2019-08-27,FedEx,ShopPay
366,bglJspClrk72@gmail.com,Avery Brown,"United States, Kentucky, Independence, Cedar St, 82, 52231",2019-08-27,Freight Shipping,ShopPay
367,MsnWt89@gmail.com,Ofek Ann Davis,"United States, Mississippi, Greenville, Spruce St, 88, 96920",2019-09-09,Regional Carriers,ShopPay
368,rprSmt25@gmail.com,Evelyn Friedman,"United States, Indiana, Hammond, S Main St, 47, 94579",2019-09-16,UPS,Klarna
369,mlyRbnsn12@gmail.com,Olivia Johnson,"United States, Alaska, Gateway, Water St, 124, 88510",2019-09-26,UPS,ShopPay
370,NLpz52@gmail.com,Mia Katz,"United States, Hawaii, Makakilo, 10th St, 105, 62204",2019-09-26,Air Cargo,ShopPay
371,MclLpz52@gmail.com,James Lee,"United States, Alabama, Dothan, Jackson St, 17, 23224",2019-09-29,USPS,ShopPay
372,frrrs80@gmail.com,Oren Danilov,"United States, New Jersey, Bayonne, Front St, 56, 06916",2019-10-01,Air Cargo,ShopPay
373,TmMzr86@gmail.com,Benjamin Levy,"United States, Connecticut, Danbury, Ridge Rd, 98, 35184",2019-10-02,Amazon Prime Shipping,Klarna
374,rnJns04@gmail.com,Benjamin Mizrahi,"United States, Massachusetts, Quincy, Circle Dr, 59, 07390",2019-10-06,FedEx,ShopPay
375,NDnlv92@gmail.com,Noah Wilson,"United States, Kentucky, Louisville, Washington Ave, 118, 46250",2019-10-11,Amtrak Express Shipping,ShopPay
376,CrlttGv82@gmail.com,Dror Thompson,"United States, New Jersey, Camden, Cedar St, 69, 07430",2019-10-20,Amazon Prime Shipping,ShopPay
377,MsnMrtnz51@gmail.com,Mia Taylor,"United States, Indiana, Bloomington, South St, 103, 30424",2019-10-27,Greyhound Package Express,Klarna
378,SfVgdrvtc18@gmail.com,Liam Sanchez,"United States, Illinois, Aurora, 6th St, 86, 34821",2019-11-08,Amtrak Express Shipping,ShopPay
379,tnRdrgz89@gmail.com,Jacob Geva,"United States, Alaska, Sterling, Jefferson St, 112, 21806",2019-11-18,Freight Shipping,ShopPay
380,tnGrc75@gmail.com,Abigail Taylor,"United States, Michigan, Dearborn, 6th St, 30, 51973",2019-11-19,UPS,ShopPay
381,TmMzr71@gmail.com,Jacob Chai Anderson,"United States, Alabama, Madison, Jefferson St, 135, 72922",2019-11-26,Amtrak Express Shipping,Klarna
382,JlDn79@gmail.com,Oliver Lee Smith,"United States, Florida, Miami, River Rd, 40, 43557",2019-11-28,UPS,ShopPay
383,CrlttGv82@gmail.com,Dor Anderson,"United States, Alaska, Anchorage, Railroad St, 61, 26793",2019-12-12,Regional Carriers,ShopPay
384,rnrnndz92@gmail.com,Sophia Cohen,"United States, Indiana, Fishers, South St, 50, 40206",2019-12-26,USPS,Klarna
385,rrrs02@gmail.com,Liam Friedman,"United States, New Jersey, Vineland, County Line Rd, 14, 58163",2019-12-27,Click & Collect,Klarna
386,vrnndz30@gmail.com,Ofek Ramirez,"United States, New Hampshire, Derry, Railroad Ave, 15, 69175",2019-12-27,Amtrak Express Shipping,Klarna
387,sbllDnlv60@gmail.com,Sofia Vigdorovitch,"United States, Iowa, Cedar Falls, Lincoln St, 117, 37997",2020-01-13,Click & Collect,ShopPay
388,JmsFrdmn68@gmail.com,Ethan Taylor,"United States, Idaho, Rexburg, Front St, 112, 32310",2020-01-14,Freight Shipping,Klarna
389,vlynRbnsn50@gmail.com,Charlotte Levy,"United States, Nebraska, Beatrice, Jackson St, 23, 93479",2020-01-15,Freight Shipping,ShopPay
390,JmsJcksn71@gmail.com,Tom Ramirez,"United States, Mississippi, Hattiesburg, River Rd, 31, 16887",2020-01-16,FedEx,ShopPay
391,rMr94@gmail.com,Liam Sanchez,"United States, Illinois, Aurora, 6th St, 86, 34821",2020-01-16,Freight Shipping,ShopPay
392,vMr91@gmail.com,Evelyn Garcia,"United States, Kansas, Leavenworth, Cedar Ln, 33, 44370",2020-01-30,Amazon Prime Shipping,ShopPay
393,lvrMrtnz24@gmail.com,Harper Smith,"United States, Maryland, Silver Spring, 2nd Ave, 133, 62438",2020-02-02,Air Cargo,ShopPay
394,Nrrs87@gmail.com,Liam John Weizman,"United States, Montana, Missoula, 4th St, 55, 99750",2020-02-06,Click & Collect,ShopPay
395,SpTylr86@gmail.com,Charlotte Geva,"United States, Maryland, Dundalk, Jefferson St, 65, 76212",2020-02-14,Greyhound Package Express,Klarna
396,ljTmpsn16@gmail.com,Liam Anderson,"United States, Indiana, Carmel, 3rd St, 16, 67406",2020-02-14,DHL,Klarna
397,tnCn30@gmail.com,Michael Joseph Levy,"United States, Minnesota, Coon Rapids, Central Ave, 107, 71626",2020-02-23,Regional Carriers,ShopPay
398,LmRdrgz92@gmail.com,Tom Johnson,"United States, Maryland, Hagerstown, Washington St, 89, 91978",2020-02-23,Regional Carriers,ShopPay
399,LmJspJcksn63@gmail.com,Oren Robinson,"United States, Iowa, Ames, Washington St, 123, 28926",2020-02-26,Greyhound Package Express,Klarna
400,SfVgdrvtc18@gmail.com,Ava Perez,"United States, Connecticut, Norwalk, County Line Rd, 135, 52824",2020-02-29,FedEx,Klarna
401,lvrKtz49@gmail.com,Julie Mazal Katz,"United States, Massachusetts, New Bedford, 4th St, 52, 21399",2020-03-02,Greyhound Package Express,ShopPay
402,SpRsGv12@gmail.com,Abigail Davis,"United States, Mississippi, Horn Lake, Front St, 123, 73622",2020-03-03,UPS,ShopPay
403,vlynBrwn61@gmail.com,Sophia Miller,"United States, Maine, Bangor, Circle Dr, 121, 22595",2020-03-06,Amtrak Express Shipping,Klarna
404,SfMrtnz16@gmail.com,Isabella Thomas,"United States, Nevada, Henderson, County Line Rd, 17, 80887",2020-03-06,Air Cargo,ShopPay
405,SpCn31@gmail.com,Oren John Martin,"United States, Missouri, St. Joseph, South St, 47, 78819",2020-03-14,Air Cargo,ShopPay
406,SfVgdrvtc18@gmail.com,Amelia Martin,"United States, Mississippi, Gulfport, Church St, 83, 80739",2020-03-17,Greyhound Package Express,ShopPay
407,DrTylr66@gmail.com,Amelia Thomas,"United States, Illinois, Des Plaines, Cedar St, 84, 83467",2020-03-22,UPS,Klarna
408,mlClrk22@gmail.com,Liam Miller,"United States, Kansas, Overland Park, Main St, 58, 16845",2020-03-26,USPS,Klarna
409,JcbRsLpz85@gmail.com,Evelyn Friedman,"United States, Indiana, Hammond, S Main St, 47, 94579",2020-03-26,Regional Carriers,Klarna
410,JcksnDvs12@gmail.com,Ofek Thompson,"United States, Arkansas, Jonesboro, 6th St, 18, 11427",2020-03-28,Greyhound Package Express,ShopPay
411,SfVgdrvtc18@gmail.com,Oliver Lee Smith,"United States, Florida, Miami, River Rd, 40, 43557",2020-04-01,Amtrak Express Shipping,ShopPay
412,NMr51@gmail.com,Gefen Jackson,"United States, Delaware, Hockessin, Short St, 42, 53615",2020-04-02,FedEx,Klarna
413,SpTms14@gmail.com,Julie Dahan,"United States, Connecticut, New Britain, 3rd Ave, 11, 67995",2020-04-05,Click & Collect,ShopPay
414,mlrnndz72@gmail.com,Ori Johnson,"United States, Minnesota, Lakeville, 4th St, 115, 25508",2020-04-06,UPS,ShopPay
415,CrlttGv82@gmail.com,Olivia Brown,"United States, New Jersey, Newark, Meadow Ln, 41, 17822",2020-04-14,DHL,Klarna
416,sbllTylr88@gmail.com,Jacob Katz,"United States, Michigan, Kalamazoo, Meadow Ln, 38, 88510",2020-04-22,Regional Carriers,Klarna
417,JmsnnLvy88@gmail.com,Jackson Martin,"United States, Idaho, Twin Falls, 2nd Ave, 3, 40302",2020-05-01,USPS,ShopPay
418,Jcksnnnndrsn21@gmail.com,Ava Elizabeth Lee,"United States, California, Santa Ana, Water St, 99, 41004",2020-05-12,Freight Shipping,Klarna
419,vKtz54@gmail.com,Olivia Friedman,"United States, Arizona, Surprise, Washington Ave, 87, 88317",2020-05-12,Greyhound Package Express,Klarna
420,lxndrRbnsn65@gmail.com,Dor Cohen,"United States, Indiana, Anderson, 4th St, 4, 26181",2020-05-13,FedEx,ShopPay
421,GfnJcksn30@gmail.com,Ava Anderson,"United States, Illinois, Naperville, Hill St, 72, 99029",2020-05-22,USPS,ShopPay
422,SpRdrgz76@gmail.com,Elijah Martin,"United States, Florida, Kissimmee, Cherry St, 15, 05551",2020-05-25,Click & Collect,Klarna
423,mmMllr92@gmail.com,Avery Robinson,"United States, Hawaii, Kihei, Maple St, 78, 22943",2020-06-04,Amazon Prime Shipping,ShopPay
424,DrGrc57@gmail.com,Michael Jones,"United States, Indiana, Muncie, Ash St, 48, 96360",2020-06-05,Greyhound Package Express,Klarna
425,JlGrc29@gmail.com,Ofek Thompson,"United States, Arkansas, Jonesboro, 6th St, 18, 11427",2020-06-08,Amazon Prime Shipping,ShopPay
426,TmMzr86@gmail.com,Oren Robinson,"United States, Iowa, Ames, Washington St, 123, 28926",2020-06-20,Amazon Prime Shipping,Klarna
427,vlynFrdmn01@gmail.com,Julie Cohen,"United States, Iowa, Council Bluffs, High St, 25, 80751",2020-07-03,Click & Collect,Klarna
428,TmJns55@gmail.com,Ava Perez,"United States, Connecticut, Norwalk, County Line Rd, 135, 52824",2020-07-05,Click & Collect,Klarna
429,rJnsn87@gmail.com,Olivia Davis,"United States, Illinois, Waukegan, Woodland Dr, 36, 74735",2020-07-05,Regional Carriers,ShopPay
430,SpMllr09@gmail.com,Elijah Miller,"United States, Arizona, Gilbert, Washington Ave, 114, 06118",2020-07-06,Regional Carriers,ShopPay
431,lvrGnzlz03@gmail.com,Tom White,"United States, Maryland, Silver Spring, 2nd Ave, 135, 14722",2020-07-07,FedEx,Klarna
432,BnjmnLpz32@gmail.com,Madison Rodriguez,"United States, Alaska, Fairbanks, Ash St, 126, 28748",2020-07-09,Regional Carriers,Klarna
433,mlTylr22@gmail.com,Gefen Williams,"United States, Illinois, Joliet, Washington Ave, 72, 56266",2020-07-15,USPS,ShopPay
434,NRdrgz64@gmail.com,Julie Dahan,"United States, Connecticut, New Britain, 3rd Ave, 11, 67995",2020-07-17,Click & Collect,ShopPay
435,ljMzlSncz07@gmail.com,Mia Katz,"United States, Hawaii, Makakilo, 10th St, 105, 62204",2020-07-20,Amazon Prime Shipping,ShopPay
436,dnMzr54@gmail.com,Julie Mazal Katz,"United States, Massachusetts, New Bedford, 4th St, 52, 21399",2020-07-23,Regional Carriers,Klarna
437,NTms32@gmail.com,Harper Marie Davis,"United States, Maryland, Annapolis, Jefferson St, 100, 62518",2020-08-05,Air Cargo,Klarna
438,SfMrtnz16@gmail.com,Madison Cohen,"United States, Maryland, Hagerstown, Cedar Ln, 28, 98012",2020-08-13,UPS,Klarna
439,MdsnnnLpz84@gmail.com,Emily Jackson,"United States, Michigan, Rochester Hills, Front St, 52, 83424",2020-08-13,UPS,Klarna
440,vrnndz30@gmail.com,Michael Jones,"United States, Indiana, Muncie, Ash St, 48, 96360",2020-08-23,Freight Shipping,ShopPay
441,JcbGrc14@gmail.com,Emily Anderson,"United States, Maine, Augusta, Park St, 27, 31916",2020-08-24,Greyhound Package Express,ShopPay
442,CrlttCLvy87@gmail.com,Tom Martin,"United States, Hawaii, Waipahu, Meadow Ln, 81, 89463",2020-08-29,DHL,ShopPay
443,rnMzr40@gmail.com,Amelia Clark,"United States, California, Stockton, Main St, 132, 73395",2020-09-04,Freight Shipping,ShopPay
444,MsnMllr40@gmail.com,Jackson Levy,"United States, Alaska, Juneau, Airport Rd, 120, 10411",2020-09-05,Amazon Prime Shipping,ShopPay
445,SfMrtnz16@gmail.com,Jacob Lewis,"United States, Massachusetts, Boston, Cedar Ln, 72, 54949",2020-09-09,Amazon Prime Shipping,Klarna
446,frCrlsJns76@gmail.com,James Ann Levy,"United States, Colorado, Pueblo, 3rd St, 31, 34793",2020-09-09,Amazon Prime Shipping,ShopPay
447,rrrs02@gmail.com,Benjamin Charles Perez,"United States, Missouri, Chesterfield, Airport Rd, 54, 17528",2020-09-13,Regional Carriers,ShopPay
448,mlyMllr90@gmail.com,Harper Smith,"United States, Maryland, Silver Spring, 2nd Ave, 133, 62438",2020-09-15,Click & Collect,Klarna
449,JmsJcksn71@gmail.com,Emily Anderson,"United States, Maine, Augusta, Park St, 27, 31916",2020-09-18,Click & Collect,ShopPay
450,fkJcksn76@gmail.com,Sofia Friedman,"United States, Minnesota, Maple Grove, Railroad St, 35, 41563",2020-09-22,FedEx,ShopPay
451,vlynTmpsn03@gmail.com,Aiden Grace Perez,"United States, Nevada, Spring Valley, Maple Ave, 43, 75667",2020-09-24,Air Cargo,ShopPay
452,LmMrSmt11@gmail.com,Michael Garcia,"United States, Colorado, Lakewood, Ash St, 66, 76187",2020-10-02,Freight Shipping,ShopPay
453,mlTms24@gmail.com,Olivia Friedman,"United States, Arizona, Surprise, Washington Ave, 87, 88317",2020-10-03,FedEx,Klarna
454,LmFrdmn48@gmail.com,Benjamin Thomas,"United States, Indiana, Noblesville, North St, 28, 83666",2020-10-13,Click & Collect,ShopPay
455,tnCn30@gmail.com,Sofia Joseph Lee,"United States, Iowa, Bettendorf, Central Ave, 90, 81715",2020-10-14,USPS,ShopPay
456,JcbL47@gmail.com,Charlotte Weizman,"United States, Michigan, Ann Arbor, Washington Ave, 111, 85954",2020-10-19,Regional Carriers,ShopPay
457,rnMzr40@gmail.com,Ori Johnson,"United States, Minnesota, Lakeville, 4th St, 115, 25508",2020-10-24,FedEx,Klarna
458,NRdrgz64@gmail.com,Gefen Smith,"United States, Alabama, Auburn, 9th St, 112, 23214",2020-10-25,DHL,ShopPay
459,rndrsn88@gmail.com,Avery Robinson,"United States, Hawaii, Kihei, Maple St, 78, 22943",2020-11-02,Regional Carriers,Klarna
460,SpGnzlz84@gmail.com,Evelyn Garcia,"United States, Kansas, Leavenworth, Cedar Ln, 33, 44370",2020-11-04,Freight Shipping,ShopPay
461,MdsnRbnsn54@gmail.com,Mia Ramirez,"United States, Montana, Billings, High St, 74, 59114",2020-11-13,Amtrak Express Shipping,Klarna
462,vKtz54@gmail.com,Jackson Martin,"United States, Idaho, Twin Falls, 2nd Ave, 3, 40302",2020-11-25,Amazon Prime Shipping,ShopPay
463,JmsFrdmn68@gmail.com,Amelia Davis,"United States, Alabama, Hoover, Airport Rd, 118, 67915",2020-11-27,FedEx,Klarna
464,MdsnnnLpz84@gmail.com,Sophia Rodriguez,"United States, Delaware, Glasgow, 6th St, 30, 55628",2020-12-03,Regional Carriers,ShopPay
465,mlTms24@gmail.com,Dror Thompson,"United States, New Jersey, Camden, Cedar St, 69, 07430",2020-12-05,Amazon Prime Shipping,ShopPay
466,mlTylr22@gmail.com,Emma Harris,"United States, Kansas, Olathe, Hill St, 8, 43280",2020-12-08,UPS,Klarna
467,SfMzr53@gmail.com,Aiden Clark,"United States, Kentucky, Elizabethtown, School St, 37, 18295",2020-12-21,DHL,ShopPay
468,SfMrtnz16@gmail.com,Ofri Charles Jones,"United States, Hawaii, Pearl City, Front St, 74, 99524",2020-12-25,UPS,ShopPay
469,mlyWlsn47@gmail.com,Ori Davis,"United States, Florida, North Port, 4th Ave, 75, 64213",2020-12-30,UPS,Klarna
470,lxndrlzbtDnlv58@gmail.com,Tom Mizrahi,"United States, Minnesota, Eagan, 4th St, 95, 43295",2021-01-01,Amtrak Express Shipping,Klarna
471,mmPrz20@gmail.com,Sophia Sanchez,"United States, Montana, Miles City, 9th St, 18, 95941",2021-01-02,Click & Collect,ShopPay
472,lvDvs25@gmail.com,Noah Rodriguez,"United States, Georgia, South Fulton, Front St, 94, 93699",2021-01-02,Amtrak Express Shipping,ShopPay
473,JlGnzlz70@gmail.com,Michael Joseph Levy,"United States, Minnesota, Coon Rapids, Central Ave, 107, 71626",2021-01-05,USPS,Klarna
474,vlynrnndz30@gmail.com,Aiden Grace Perez,"United States, Nevada, Spring Valley, Maple Ave, 43, 75667",2021-01-07,Click & Collect,ShopPay
475,GfnSmt50@gmail.com,Ofri Harris,"United States, California, Santa Ana, Locust St, 35, 96771",2021-01-10,FedEx,ShopPay
476,NMr51@gmail.com,Isabella Clark,"United States, New Jersey, Paterson, Oak St, 52, 20781",2021-01-11,Regional Carriers,ShopPay
477,fkJnWzmn43@gmail.com,Charlotte Marie Robinson,"United States, Massachusetts, Newton, W Main St, 56, 41304",2021-01-19,Greyhound Package Express,Klarna
478,lxndrWzmn77@gmail.com,Evelyn Friedman,"United States, Indiana, Hammond, S Main St, 47, 94579",2021-01-27,UPS,ShopPay
479,rnRbnsn06@gmail.com,Tom Thomas,"United States, California, San Francisco, Front St, 39, 03861",2021-02-05,DHL,ShopPay
480,MsnMrtnz51@gmail.com,Harper Marie Davis,"United States, Maryland, Annapolis, Jefferson St, 100, 62518",2021-02-06,USPS,ShopPay
481,sbllRdrgz99@gmail.com,Elijah Miller,"United States, Arizona, Gilbert, Washington Ave, 114, 06118",2021-02-06,Freight Shipping,ShopPay
482,mlyLGv55@gmail.com,Evelyn Friedman,"United States, Indiana, Hammond, S Main St, 47, 94579",2021-02-08,Regional Carriers,ShopPay
483,vlynFrdmn13@gmail.com,James Jackson,"United States, Missouri, Blue Springs, S Main St, 111, 85782",2021-02-11,UPS,ShopPay
484,bglJspClrk72@gmail.com,Dror Cohen,"United States, Hawaii, Kihei, Pine St, 74, 96818",2021-02-15,Regional Carriers,Klarna
485,frCrlsJns76@gmail.com,Olivia Jackson,"United States, Louisiana, Marrero, Franklin St, 60, 11636",2021-02-18,UPS,ShopPay
486,mlyWlsn47@gmail.com,James Geva,"United States, Indiana, Hammond, 2nd Ave, 111, 98524",2021-02-21,Greyhound Package Express,ShopPay
487,JmsJcksn71@gmail.com,Sophia Gonzalez,"United States, Indiana, Lafayette, Sunset Dr, 9, 82488",2021-02-24,Greyhound Package Express,Klarna
488,mlMrtn97@gmail.com,Mason Lopez,"United States, Connecticut, New Haven, Railroad Ave, 104, 99371",2021-02-27,Air Cargo,ShopPay
489,JmsClrk81@gmail.com,Ori Moore,"United States, Nebraska, Hastings, 6th St, 101, 46900",2021-03-01,Click & Collect,ShopPay
490,JlDn79@gmail.com,Isabella Thomas,"United States, Nevada, Henderson, County Line Rd, 17, 80887",2021-03-09,Freight Shipping,ShopPay
491,JmsJcksn71@gmail.com,Mason Lopez,"United States, Connecticut, New Haven, Railroad Ave, 104, 99371",2021-04-13,Air Cargo,ShopPay
492,JlKtz68@gmail.com,Mason Mazal Robinson,"United States, Michigan, Ann Arbor, Lakeview Dr, 104, 58545",2021-04-18,FedEx,ShopPay
493,TmGnzlz10@gmail.com,Elijah Mizrahi,"United States, Delaware, Brookside, South St, 73, 09103",2021-04-28,Regional Carriers,ShopPay
494,SfVgdrvtc18@gmail.com,Lucas Martin,"United States, Nebraska, South Sioux City, East St, 122, 22173",2021-05-01,Regional Carriers,ShopPay
495,lvrGnzlz03@gmail.com,Liam Marie Smith,"United States, Minnesota, Woodbury, Sunset Dr, 34, 37729",2021-05-02,Air Cargo,Klarna
496,ljMzr90@gmail.com,Amelia Martin,"United States, Mississippi, Gulfport, Church St, 83, 80739",2021-05-04,USPS,ShopPay
497,SpGnzlz68@gmail.com,Olivia Sara Geva,"United States, Alabama, Decatur, Maple St, 135, 15360",2021-05-09,Greyhound Package Express,Klarna
498,vPrz79@gmail.com,Emily Geva,"United States, Louisiana, Central, South St, 104, 49523",2021-05-18,Greyhound Package Express,Klarna
499,TmMzr71@gmail.com,Ethan Taylor,"United States, Idaho, Rexburg, Front St, 112, 32310",2021-05-20,Click & Collect,Klarna
500,SfDvs58@gmail.com,Mason Mazal Robinson,"United States, Michigan, Ann Arbor, Lakeview Dr, 104, 58545",2021-05-31,UPS,ShopPay
501,ljTmpsn16@gmail.com,Logan Lewis,"United States, Indiana, Indianapolis, High St, 75, 81978",2021-06-10,DHL,Klarna
502,GfnDn09@gmail.com,Ethan Cohen,"United States, Louisiana, Lafayette, Maple St, 84, 49353",2021-06-15,DHL,ShopPay
503,bglJspClrk72@gmail.com,Benjamin Mizrahi,"United States, Massachusetts, Quincy, Circle Dr, 59, 07390",2021-06-29,Air Cargo,Klarna
504,MclL75@gmail.com,Olivia Thomas,"United States, Massachusetts, Lynn, West St, 47, 18880",2021-07-04,Regional Carriers,ShopPay
505,JlWzmn83@gmail.com,Ava Anderson,"United States, Illinois, Naperville, Hill St, 72, 99029",2021-07-15,DHL,Klarna
506,mmMzr90@gmail.com,Emma John Cohen,"United States, Maryland, Glen Burnie, Chestnut St, 91, 87586",2021-07-18,DHL,ShopPay
507,Spndrsn13@gmail.com,Emma Perez,"United States, Mississippi, Olive Branch, Shady Ln, 98, 45897",2021-07-23,Amazon Prime Shipping,ShopPay
508,frCrlsJns76@gmail.com,Olivia Sara Geva,"United States, Alabama, Decatur, Maple St, 135, 15360",2021-07-28,Greyhound Package Express,ShopPay
509,vlynTmpsn03@gmail.com,Sophia Rose Geva,"United States, New Hampshire, Portsmouth, Short St, 30, 83148",2021-08-03,Greyhound Package Express,Klarna
510,JmsJnWllms60@gmail.com,Tom Mizrahi,"United States, Minnesota, Eagan, 4th St, 95, 43295",2021-08-04,Amazon Prime Shipping,ShopPay
511,sbllTylr88@gmail.com,Alexander Elizabeth Danilov,"United States, California, Riverside, Main St, 15, 61361",2021-08-16,UPS,ShopPay
512,LcsFrdmn68@gmail.com,Abigail Cohen,"United States, Kentucky, Georgetown, 7th St, 72, 33645",2021-08-18,Air Cargo,Klarna
513,mlClrk22@gmail.com,Michael Joseph Levy,"United States, Minnesota, Coon Rapids, Central Ave, 107, 71626",2021-08-20,FedEx,ShopPay
514,mlyLGv55@gmail.com,Ori Clark,"United States, Maryland, Baltimore, Main St, 125, 31346",2021-08-26,DHL,ShopPay
515,SpL90@gmail.com,Jackson Martin,"United States, Idaho, Twin Falls, 2nd Ave, 3, 40302",2021-09-06,Click & Collect,Klarna
516,bglCn95@gmail.com,Ofek Ramirez,"United States, New Hampshire, Derry, Railroad Ave, 15, 69175",2021-09-07,DHL,Klarna
517,rnrnndz92@gmail.com,Jacob Rose Lopez,"United States, Iowa, West Des Moines, Shady Ln, 5, 70238",2021-09-15,Amtrak Express Shipping,Klarna
518,sbllJnMrtn59@gmail.com,Abigail Wilson,"United States, Louisiana, Kenner, 3rd St, 52, 75518",2021-09-18,Freight Shipping,Klarna
519,bglTylr87@gmail.com,Jackson Hernandez,"United States, Louisiana, Marrero, Franklin St, 103, 63158",2021-09-25,USPS,ShopPay
520,TmMzr86@gmail.com,Mason Lee,"United States, Iowa, Council Bluffs, East St, 68, 93762",2021-09-25,Amtrak Express Shipping,Klarna
521,bglTylr87@gmail.com,Jackson Martin,"United States, Idaho, Twin Falls, 2nd Ave, 3, 40302",2021-10-01,DHL,Klarna
522,LmRdrgz92@gmail.com,Emily Wilson,"United States, Florida, North Port, River Rd, 9, 77976",2021-10-10,USPS,ShopPay
523,LmFrdmn48@gmail.com,Mia Thompson,"United States, Alaska, Knik-Fairview, Sunset Dr, 68, 12759",2021-10-16,DHL,Klarna
524,ljTmpsn16@gmail.com,Isabella Danilov,"United States, Georgia, Sandy Springs, Ridge Rd, 77, 93005",2021-10-25,Regional Carriers,ShopPay
525,JcbJns46@gmail.com,Sofia Martinez,"United States, Colorado, Lakewood, 10th St, 76, 17947",2021-11-01,FedEx,Klarna
526,MdsnCn38@gmail.com,Elijah Garcia,"United States, Alabama, Phenix City, 3rd St, 29, 16714",2021-11-06,UPS,ShopPay
527,vrnndz30@gmail.com,Amelia Davis,"United States, Alabama, Hoover, Airport Rd, 118, 67915",2021-11-12,Freight Shipping,Klarna
528,LmSncz07@gmail.com,Emily Lopez,"United States, Montana, Helena Valley West Central, 10th St, 28, 81002",2021-11-12,Regional Carriers,Klarna
529,bglCn95@gmail.com,Madison Davis,"United States, New Jersey, Newark, 1st St, 57, 06554",2021-11-15,USPS,ShopPay
530,lvDn32@gmail.com,Noah Rodriguez,"United States, Georgia, South Fulton, Front St, 94, 93699",2021-11-17,Click & Collect,ShopPay
531,rL99@gmail.com,Dror Geva,"United States, Connecticut, Milford city, Lakeview Dr, 13, 49158",2021-11-27,FedEx,ShopPay
532,MclWt46@gmail.com,Benjamin Perez,"United States, Florida, Daytona Beach, 8th St, 125, 32316",2021-12-02,DHL,ShopPay
533,sbllJnMrtn59@gmail.com,Noah Ann Williams,"United States, Kentucky, Henderson, Meadow Ln, 61, 39807",2021-12-16,Regional Carriers,ShopPay
534,dnCn38@gmail.com,Jacob Chai Anderson,"United States, Alabama, Madison, Jefferson St, 135, 72922",2021-12-22,Greyhound Package Express,Klarna
535,TmJns55@gmail.com,Tom White,"United States, Maryland, Silver Spring, 2nd Ave, 135, 14722",2021-12-24,Click & Collect,Klarna
536,rnrnndz92@gmail.com,Jackson Martin,"United States, Idaho, Twin Falls, 2nd Ave, 3, 40302",2021-12-29,Freight Shipping,ShopPay
537,sbllTylr88@gmail.com,Elijah Thompson,"United States, Alaska, Sterling, Hillcrest Dr, 53, 36940",2022-01-02,UPS,ShopPay
538,SfVgdrvtc18@gmail.com,Dor Miller,"United States, Colorado, Lakewood, Woodland Dr, 22, 90841",2022-01-07,Freight Shipping,Klarna
539,MsnWt89@gmail.com,Dror Sara Williams,"United States, Missouri, Florissant, Poplar St, 136, 50808",2022-01-10,Click & Collect,ShopPay
540,rnVgdrvtc07@gmail.com,Dror Thompson,"United States, New Jersey, Camden, Cedar St, 69, 07430",2022-01-14,FedEx,Klarna
541,vPrz79@gmail.com,James Ann Levy,"United States, Colorado, Pueblo, 3rd St, 31, 34793",2022-01-19,Regional Carriers,Klarna
542,ljCrlsGnzlz97@gmail.com,Mason Lee,"United States, Alabama, Huntsville, Railroad Ave, 125, 88815",2022-01-25,Air Cargo,ShopPay
543,mlMrtn97@gmail.com,Emily Wilson,"United States, Florida, North Port, River Rd, 9, 77976",2022-01-25,Freight Shipping,ShopPay
544,GfnJcksn30@gmail.com,James Friedman,"United States, Maine, Augusta, Spruce St, 68, 88031",2022-01-29,Greyhound Package Express,ShopPay
545,LcsFrdmn68@gmail.com,Olivia Jackson,"United States, Louisiana, Marrero, Franklin St, 60, 11636",2022-01-31,Greyhound Package Express,ShopPay
546,vMllr67@gmail.com,Jacob Cohen,"United States, Connecticut, New Britain, Maple St, 119, 77318",2022-02-08,USPS,ShopPay
547,JcbRsLpz85@gmail.com,Sofia Weizman,"United States, Indiana, Gary, Poplar St, 42, 80933",2022-03-14,Amazon Prime Shipping,Klarna
548,vlynrnndz30@gmail.com,Julie Cohen,"United States, Iowa, Council Bluffs, High St, 25, 80751",2022-03-21,Freight Shipping,Klarna
549,ljMzlSncz07@gmail.com,Michael Jones,"United States, Indiana, Muncie, Ash St, 48, 96360",2022-03-21,FedEx,Klarna
550,TmWt75@gmail.com,Noah Lopez,"United States, Indiana, Terre Haute, S Main St, 44, 14155",2022-03-24,UPS,ShopPay
551,SpL90@gmail.com,Ava Elizabeth Lee,"United States, California, Santa Ana, Water St, 99, 41004",2022-03-27,Greyhound Package Express,ShopPay
552,mlyWlsn47@gmail.com,Charlotte Marie Robinson,"United States, Massachusetts, Newton, W Main St, 56, 41304",2022-04-01,Greyhound Package Express,ShopPay
553,mlyKtz80@gmail.com,Sophia Miller,"United States, Maine, Bangor, Circle Dr, 121, 22595",2022-04-03,FedEx,ShopPay
554,dnMzr54@gmail.com,Abigail Wilson,"United States, Louisiana, Kenner, 3rd St, 52, 75518",2022-04-11,UPS,Klarna
555,rnJns04@gmail.com,Michael Weizman,"United States, Georgia, Johns Creek, Meadow Ln, 110, 40079",2022-04-13,DHL,Klarna
556,GfnJcksn30@gmail.com,Sofia Joseph Lee,"United States, Iowa, Bettendorf, Central Ave, 90, 81715",2022-04-18,FedEx,ShopPay
557,JmsSncz22@gmail.com,Benjamin Lewis,"United States, Louisiana, Bossier City, Spring St, 99, 89297",2022-04-19,USPS,ShopPay
558,Spndrsn13@gmail.com,Sophia Cohen,"United States, Indiana, Fishers, South St, 50, 40206",2022-04-27,Air Cargo,ShopPay
559,JcbGrc14@gmail.com,Noah Lopez,"United States, Indiana, Terre Haute, S Main St, 44, 14155",2022-04-29,DHL,ShopPay
560,rnRbnsn06@gmail.com,Madison Levy,"United States, Kentucky, Bowling Green, Washington St, 72, 06825",2022-05-01,Amtrak Express Shipping,ShopPay
561,JcbJns46@gmail.com,Michael Lee,"United States, California, San Jose, Circle Dr, 126, 83705",2022-05-02,Freight Shipping,Klarna
562,JcbJns46@gmail.com,Ori Davis,"United States, Florida, North Port, 4th Ave, 75, 64213",2022-05-05,Amazon Prime Shipping,ShopPay
563,SfWzmn94@gmail.com,Emily Lopez,"United States, Montana, Helena Valley West Central, 10th St, 28, 81002",2022-05-12,Amazon Prime Shipping,ShopPay
564,MdsnLpz64@gmail.com,Isabella Marie Gonzalez,"United States, Nevada, North Las Vegas, Vine St, 68, 86687",2022-05-18,USPS,Klarna
565,DrTylr66@gmail.com,Oren Hernandez,"United States, New Jersey, Camden, Poplar St, 107, 76423",2022-05-19,DHL,Klarna
566,vMllr67@gmail.com,Jacob Wilson,"United States, Arizona, Avondale, Adams St, 48, 65031",2022-05-22,Click & Collect,ShopPay
567,vlynFrdmn01@gmail.com,Isabella Danilov,"United States, Georgia, Sandy Springs, Ridge Rd, 77, 93005",2022-05-25,UPS,ShopPay
568,JmsJnWllms60@gmail.com,James Geva,"United States, Indiana, Hammond, 2nd Ave, 111, 98524",2022-05-26,Freight Shipping,Klarna
569,JmsnnLvy88@gmail.com,James Jackson,"United States, Missouri, Blue Springs, S Main St, 111, 85782",2022-05-26,FedEx,ShopPay
570,JlGrc29@gmail.com,Michael Weizman,"United States, Georgia, Johns Creek, Meadow Ln, 110, 40079",2022-05-31,USPS,Klarna
571,SpGnzlz84@gmail.com,Jacob Katz,"United States, Michigan, Kalamazoo, Meadow Ln, 38, 88510",2022-06-03,Air Cargo,ShopPay
572,SfWzmn94@gmail.com,Julie Weizman,"United States, Delaware, Middletown, Cedar St, 108, 95970",2022-06-05,UPS,ShopPay
573,JlMzlGnzlz30@gmail.com,Olivia Johnson,"United States, Alaska, Gateway, Water St, 124, 88510",2022-06-14,Greyhound Package Express,ShopPay
574,JmsJcksn71@gmail.com,James Geva,"United States, Indiana, Hammond, 2nd Ave, 111, 98524",2022-06-21,Amtrak Express Shipping,ShopPay
575,MdsnCn66@gmail.com,Ori Clark,"United States, Maryland, Baltimore, Main St, 125, 31346",2022-06-26,Amazon Prime Shipping,Klarna
576,SpRsGv12@gmail.com,Aiden Mizrahi,"United States, New Jersey, Union City, 3rd Ave, 130, 44039",2022-07-02,Freight Shipping,Klarna
577,bglTylr87@gmail.com,Amelia Clark,"United States, California, Stockton, Main St, 132, 73395",2022-07-13,DHL,ShopPay
578,DrTylr66@gmail.com,Aiden Clark,"United States, Kentucky, Elizabethtown, School St, 37, 18295",2022-07-19,UPS,Klarna
579,vlynTmpsn03@gmail.com,Evelyn Sanchez,"United States, Hawaii, Mililani Mauka, Water St, 78, 03107",2022-07-20,Click & Collect,Klarna
580,DrCn48@gmail.com,Emma Taylor,"United States, Alaska, Anchorage, Adams St, 50, 10918",2022-07-22,Amtrak Express Shipping,ShopPay
581,MsnMllr40@gmail.com,Mia Ramirez,"United States, Montana, Billings, High St, 74, 59114",2022-07-23,Freight Shipping,Klarna
582,MclWt46@gmail.com,Madison Lopez,"United States, Maryland, Hagerstown, Elm St, 84, 40105",2022-07-29,Click & Collect,ShopPay
583,lvrMrtnz68@gmail.com,Dror Thompson,"United States, New Jersey, Camden, Cedar St, 69, 07430",2022-07-31,UPS,ShopPay
584,MclWzmn73@gmail.com,Ori Moore,"United States, Nebraska, Hastings, 6th St, 101, 46900",2022-08-02,Freight Shipping,ShopPay
585,lxndrlzbtDnlv58@gmail.com,Olivia Friedman,"United States, Arizona, Surprise, Washington Ave, 87, 88317",2022-08-10,Amtrak Express Shipping,Klarna
586,dnCn61@gmail.com,Ofri Katz,"United States, Montana, Billings, Franklin St, 96, 17850",2022-08-12,Air Cargo,ShopPay
587,bglTylr87@gmail.com,Dror Sara Williams,"United States, Missouri, Florissant, Poplar St, 136, 50808",2022-08-13,UPS,ShopPay
588,MclWt46@gmail.com,Tom Ramirez,"United States, Mississippi, Hattiesburg, River Rd, 31, 16887",2022-08-13,Click & Collect,ShopPay
589,JlCn61@gmail.com,Charlotte Chai Levy,"United States, Montana, Miles City, Park Ave, 7, 36487",2022-08-13,Click & Collect,ShopPay
590,DrWt31@gmail.com,James John Williams,"United States, Florida, Miami, Cedar Ln, 100, 91378",2022-08-17,Click & Collect,ShopPay
591,SpCn31@gmail.com,Mason Lopez,"United States, Arizona, Chandler, 5th St, 126, 64090",2022-08-30,FedEx,Klarna
592,SfVgdrvtc07@gmail.com,Isabella Thomas,"United States, Nevada, Henderson, County Line Rd, 17, 80887",2022-08-31,Greyhound Package Express,ShopPay
593,JlWzmn83@gmail.com,Benjamin Levy,"United States, Connecticut, Danbury, Ridge Rd, 98, 35184",2022-09-08,UPS,ShopPay
594,bglCn95@gmail.com,Tom Johnson,"United States, Maryland, Hagerstown, Washington St, 89, 91978",2022-09-09,Regional Carriers,ShopPay
595,SfJspL16@gmail.com,Charlotte Chai Levy,"United States, Montana, Miles City, Park Ave, 7, 36487",2022-09-09,Amtrak Express Shipping,ShopPay
596,vlynrnndz30@gmail.com,Dor Cohen,"United States, Indiana, Anderson, 4th St, 4, 26181",2022-09-10,FedEx,Klarna
597,SpCn31@gmail.com,Abigail Taylor,"United States, Michigan, Dearborn, 6th St, 30, 51973",2022-09-14,USPS,Klarna
598,mlClrk76@gmail.com,Charlotte Weizman,"United States, Michigan, Ann Arbor, Washington Ave, 111, 85954",2022-09-15,Click & Collect,ShopPay
599,SpMllr09@gmail.com,Julie Garcia,"United States, New Hampshire, Nashua, 1st St, 115, 11228",2022-10-05,Amazon Prime Shipping,Klarna
600,DrGrc57@gmail.com,Aiden Cohen,"United States, Michigan, Farmington Hills, School St, 120, 50134",2022-10-10,USPS,ShopPay
601,dnClrk21@gmail.com,Dror Geva,"United States, Connecticut, Milford city, Lakeview Dr, 13, 49158",2022-10-15,FedEx,Klarna
602,vlynRbnsn50@gmail.com,Oren Hernandez,"United States, New Jersey, Camden, Poplar St, 107, 76423",2022-10-16,Click & Collect,Klarna
603,mmMzr90@gmail.com,Dor Hernandez,"United States, Alabama, Hoover, Spruce St, 69, 92451",2022-10-17,Freight Shipping,Klarna
604,TmMzr71@gmail.com,Alexander Weizman,"United States, Iowa, Waterloo, North St, 124, 86926",2022-10-17,Greyhound Package Express,ShopPay
605,JlWzmn83@gmail.com,Liam Anderson,"United States, Indiana, Carmel, 3rd St, 16, 67406",2022-10-20,Amazon Prime Shipping,ShopPay
606,vMr91@gmail.com,Liam Sanchez,"United States, Illinois, Aurora, 6th St, 86, 34821",2022-10-27,Amazon Prime Shipping,Klarna
607,dnClrk21@gmail.com,Mia Thompson,"United States, Alaska, Knik-Fairview, Sunset Dr, 68, 12759",2022-11-07,Air Cargo,ShopPay
608,vlynFrdmn13@gmail.com,Alexander Weizman,"United States, Iowa, Waterloo, North St, 124, 86926",2022-11-15,Regional Carriers,Klarna
609,MsnLpz65@gmail.com,James John Williams,"United States, Florida, Miami, Cedar Ln, 100, 91378",2022-11-30,Amtrak Express Shipping,ShopPay
610,SfWzmn94@gmail.com,Harper Smith,"United States, Maryland, Silver Spring, 2nd Ave, 133, 62438",2022-12-03,Regional Carriers,ShopPay
611,lvMrtnz31@gmail.com,Sophia Lee,"United States, Maine, Brunswick, Lakeview Dr, 107, 49105",2022-12-10,Greyhound Package Express,ShopPay
612,SfVgdrvtc07@gmail.com,Avery Robinson,"United States, Hawaii, Kihei, Maple St, 78, 22943",2022-12-14,Regional Carriers,Klarna
613,sbllJnMrtn59@gmail.com,Jacob Wilson,"United States, Kansas, Overland Park, 9th St, 63, 71178",2022-12-28,UPS,ShopPay
614,mlyRbnsn12@gmail.com,Benjamin Mizrahi,"United States, Massachusetts, Quincy, Circle Dr, 59, 07390",2022-12-28,Amazon Prime Shipping,Klarna
615,mmMzr90@gmail.com,Aiden Cohen,"United States, Minnesota, Woodbury, Maple Ave, 65, 75436",2022-12-30,Amtrak Express Shipping,Klarna
616,LcsGrcWzmn61@gmail.com,Mason Lee,"United States, Alabama, Huntsville, Railroad Ave, 125, 88815",2023-01-11,FedEx,ShopPay
617,vlynFrdmn13@gmail.com,Michael Miller,"United States, Michigan, Wyoming, Pine St, 77, 92372",2023-01-11,Amtrak Express Shipping,ShopPay
618,frCrlsJns76@gmail.com,Jackson Davis,"United States, Delaware, Dover, 3rd Ave, 19, 77076",2023-01-12,Regional Carriers,Klarna
619,mmMllr92@gmail.com,Michael White,"United States, Missouri, Columbia, Spruce St, 25, 77350",2023-01-18,USPS,Klarna
620,mlMrtn97@gmail.com,Abigail Cohen,"United States, Kentucky, Georgetown, 7th St, 72, 33645",2023-01-19,Click & Collect,ShopPay
621,rndrsn88@gmail.com,Dor Taylor,"United States, New Hampshire, Claremont, 6th St, 31, 98386",2023-02-01,FedEx,Klarna
622,ljMllr11@gmail.com,Ava Hernandez,"United States, Mississippi, Olive Branch, Jefferson St, 95, 81831",2023-02-08,Greyhound Package Express,Klarna
623,bglJspClrk72@gmail.com,Dor Hernandez,"United States, Alabama, Hoover, Spruce St, 69, 92451",2023-02-23,USPS,ShopPay
624,sbllDnlv60@gmail.com,Ava Gonzalez,"United States, Louisiana, Lafayette, East St, 55, 94013",2023-03-02,Click & Collect,ShopPay
625,bglCn95@gmail.com,Madison Ann Lopez,"United States, Idaho, Twin Falls, Adams St, 3, 40683",2023-03-12,Amazon Prime Shipping,ShopPay
626,rL99@gmail.com,Jackson Davis,"United States, Delaware, Dover, 3rd Ave, 19, 77076",2023-03-14,USPS,ShopPay
627,NLpz52@gmail.com,Dor Taylor,"United States, New Hampshire, Claremont, 6th St, 31, 98386",2023-03-23,Regional Carriers,ShopPay
628,Nrrs87@gmail.com,Madison Levy,"United States, Kentucky, Bowling Green, Washington St, 72, 06825",2023-03-29,Amtrak Express Shipping,Klarna
629,vlynTmpsn03@gmail.com,Sophia Sanchez,"United States, Montana, Miles City, 9th St, 18, 95941",2023-04-03,Freight Shipping,ShopPay
630,ljCrlsGnzlz97@gmail.com,Dor White,"United States, Idaho, Kuna, Railroad St, 16, 30390",2023-04-04,FedEx,Klarna
631,JcbGrc14@gmail.com,Oliver Martinez,"United States, Kentucky, Jeffersontown, 1st St, 38, 51274",2023-04-05,Amazon Prime Shipping,ShopPay
632,BnjmnLpz32@gmail.com,Ori Lee,"United States, Georgia, Valdosta, Jackson St, 122, 03083",2023-04-06,Click & Collect,ShopPay
633,dnMzlTylr48@gmail.com,Noah Moore,"United States, Missouri, Lee’s Summit, Spruce St, 43, 94822",2023-04-07,Air Cargo,ShopPay
634,ljGrc19@gmail.com,Madison Davis,"United States, New Jersey, Newark, 1st St, 57, 06554",2023-04-09,Air Cargo,ShopPay
635,SpTylr86@gmail.com,Benjamin Lewis,"United States, Louisiana, Bossier City, Spring St, 99, 89297",2023-04-10,Regional Carriers,ShopPay
636,lvMrtnz31@gmail.com,Emma Taylor,"United States, Alaska, Anchorage, Adams St, 50, 10918",2023-04-25,Regional Carriers,Klarna
637,MsnLpz65@gmail.com,Sofia Joseph Lee,"United States, Iowa, Bettendorf, Central Ave, 90, 81715",2023-04-26,Air Cargo,ShopPay
638,SfDvs58@gmail.com,Ori Lopez,"United States, New Jersey, Lakewood, N Main St, 12, 14548",2023-04-28,Freight Shipping,Klarna
639,MsnMzlRbnsn23@gmail.com,Madison Cohen,"United States, Nebraska, South Sioux City, Maple Ave, 4, 11746",2023-04-28,Regional Carriers,ShopPay
640,lvrKtz49@gmail.com,Logan Lewis,"United States, Indiana, Indianapolis, High St, 75, 81978",2023-05-03,DHL,Klarna
641,MsnL66@gmail.com,Gefen Miller,"United States, Missouri, O’Fallon, 3rd Ave, 8, 65496",2023-05-12,USPS,ShopPay
642,SfDvs58@gmail.com,Sofia Vigdorovitch,"United States, Iowa, Cedar Falls, Lincoln St, 117, 37997",2023-05-16,Amtrak Express Shipping,ShopPay
643,vlynFrdmn01@gmail.com,Dor Hernandez,"United States, Alabama, Hoover, Spruce St, 69, 92451",2023-05-28,Amazon Prime Shipping,Klarna
644,mlTms24@gmail.com,Madison Levy,"United States, Kentucky, Bowling Green, Washington St, 72, 06825",2023-06-01,Freight Shipping,Klarna
645,dnCn61@gmail.com,Dror Geva,"United States, Connecticut, Milford city, Lakeview Dr, 13, 49158",2023-06-04,Amtrak Express Shipping,ShopPay
646,JmsFrdmn68@gmail.com,Isabella Danilov,"United States, Georgia, Sandy Springs, Ridge Rd, 77, 93005",2023-06-07,Air Cargo,ShopPay
647,BnjmnLvy69@gmail.com,Olivia Davis,"United States, Illinois, Waukegan, Woodland Dr, 36, 74735",2023-06-07,FedEx,ShopPay
648,lvrMrtnz68@gmail.com,Lucas Mizrahi,"United States, Illinois, Waukegan, Church St, 37, 75657",2023-06-09,Greyhound Package Express,ShopPay
649,vrnndz30@gmail.com,Charlotte Marie Robinson,"United States, Massachusetts, Newton, W Main St, 56, 41304",2023-06-19,USPS,ShopPay
650,NRdrgz64@gmail.com,Mia Katz,"United States, Hawaii, Makakilo, 10th St, 105, 62204",2023-07-07,USPS,Klarna
651,SpCn31@gmail.com,Mason Lopez,"United States, Arizona, Chandler, 5th St, 126, 64090",2023-07-08,FedEx,ShopPay
652,mlrnndz72@gmail.com,Abigail Taylor,"United States, Michigan, Dearborn, 6th St, 30, 51973",2023-07-10,Air Cargo,ShopPay
653,MclL75@gmail.com,Gefen Williams,"United States, Illinois, Joliet, Washington Ave, 72, 56266",2023-07-20,UPS,ShopPay
654,SpMllr09@gmail.com,Liam Anderson,"United States, Indiana, Carmel, 3rd St, 16, 67406",2023-07-23,UPS,Klarna
655,vlynBrwn61@gmail.com,Oren Robinson,"United States, Iowa, Ames, Washington St, 123, 28926",2023-07-28,DHL,ShopPay
656,vMllr67@gmail.com,Oren Hernandez,"United States, New Jersey, Camden, Poplar St, 107, 76423",2023-08-06,DHL,ShopPay
657,lvMrtnz31@gmail.com,Michael Lee,"United States, California, San Jose, Circle Dr, 126, 83705",2023-08-10,UPS,ShopPay
658,JcbRsLpz85@gmail.com,Noah Danilov,"United States, New Hampshire, Durham, Front St, 47, 92714",2023-08-12,DHL,ShopPay
659,JlSrCn79@gmail.com,Liam Marie Smith,"United States, Minnesota, Woodbury, Sunset Dr, 34, 37729",2023-08-13,DHL,ShopPay
660,SfVgdrvtc07@gmail.com,Noah Danilov,"United States, New Hampshire, Durham, Front St, 47, 92714",2023-08-15,Amazon Prime Shipping,ShopPay
661,dnCn61@gmail.com,James Clark,"United States, Maryland, Germantown, 2nd Ave, 130, 54435",2023-08-20,Regional Carriers,Klarna
662,dnGrcPrz53@gmail.com,Aiden Cohen,"United States, Minnesota, Woodbury, Maple Ave, 65, 75436",2023-08-21,DHL,ShopPay
663,rndrsn88@gmail.com,Jackson Robinson,"United States, Alaska, Wasilla, 1st Ave, 72, 08605",2023-09-10,Freight Shipping,Klarna
664,lxndrRbnsn65@gmail.com,Ori Lopez,"United States, New Jersey, Lakewood, N Main St, 12, 14548",2023-09-25,DHL,ShopPay
665,JcbJns46@gmail.com,Ethan Perez,"United States, Kentucky, Richmond, 3rd St, 22, 29653",2023-09-30,FedEx,Klarna
666,LcsGrcWzmn61@gmail.com,James Jackson,"United States, Missouri, Blue Springs, S Main St, 111, 85782",2023-09-30,UPS,Klarna
667,MdsnRbnsn54@gmail.com,Elijah Charles Gonzalez,"United States, Mississippi, Biloxi, North St, 40, 27006",2023-10-08,USPS,ShopPay
668,SfMrtnz16@gmail.com,Ori Davis,"United States, Florida, North Port, 4th Ave, 75, 64213",2023-10-22,UPS,ShopPay
669,dnL87@gmail.com,Sophia Gonzalez,"United States, Louisiana, Kenner, Elm St, 20, 83949",2023-10-25,USPS,Klarna
670,MsnWt89@gmail.com,Oren Danilov,"United States, Montana, Miles City, East St, 103, 04179",2023-10-30,UPS,ShopPay
671,rprSmt25@gmail.com,Julie Garcia,"United States, New Hampshire, Nashua, 1st St, 115, 11228",2023-11-13,FedEx,Klarna
672,TmMzr86@gmail.com,Emma Friedman,"United States, Missouri, Jefferson City, Main St, 15, 63935",2023-11-21,Amtrak Express Shipping,Klarna
673,sbllJnMrtn59@gmail.com,Emma Friedman,"United States, Missouri, Jefferson City, Main St, 15, 63935",2023-11-26,Freight Shipping,ShopPay
674,LmFrdmn48@gmail.com,James Anderson,"United States, Illinois, Springfield, Lakeview Dr, 63, 74739",2023-11-29,Amtrak Express Shipping,Klarna
675,TmGnzlz10@gmail.com,Michael Lee,"United States, California, San Jose, Circle Dr, 126, 83705",2023-11-29,DHL,Klarna
676,LmSncz07@gmail.com,Ori Thompson,"United States, Maryland, Gaithersburg, Willow St, 108, 05738",2023-12-01,Click & Collect,Klarna
677,Nrrs87@gmail.com,Emily Lopez,"United States, Montana, Helena Valley West Central, 10th St, 28, 81002",2023-12-05,UPS,ShopPay
678,JcbGrc14@gmail.com,Liam Sanchez,"United States, Illinois, Aurora, 6th St, 86, 34821",2023-12-19,Amtrak Express Shipping,ShopPay
679,mmMzr90@gmail.com,Tom Johnson,"United States, Maryland, Hagerstown, Washington St, 89, 91978",2023-12-22,USPS,ShopPay
680,JcbGrc14@gmail.com,Abigail Wilson,"United States, Louisiana, Kenner, 3rd St, 52, 75518",2023-12-24,USPS,ShopPay
681,NLpz52@gmail.com,Lucas Davis,"United States, Missouri, Lee’s Summit, Oak St, 50, 63744",2023-12-25,Greyhound Package Express,Klarna
682,NLpz52@gmail.com,Emily Katz,"United States, Kansas, Leawood, 1st Ave, 50, 95666",2023-12-25,USPS,Klarna
683,fkJnWzmn43@gmail.com,Tom Thomas,"United States, California, San Francisco, Front St, 39, 03861",2023-12-27,Amazon Prime Shipping,Klarna
684,vlynrnndz30@gmail.com,Benjamin Lewis,"United States, Louisiana, Bossier City, Spring St, 99, 89297",2024-01-06,FedEx,ShopPay
685,vMr91@gmail.com,James Anderson,"United States, Illinois, Springfield, Lakeview Dr, 63, 74739",2024-01-10,Amazon Prime Shipping,Klarna
686,TmWt75@gmail.com,Emily Jackson,"United States, Michigan, Rochester Hills, Front St, 52, 83424",2024-01-18,Click & Collect,Klarna
687,tnCn30@gmail.com,Michael Joseph Levy,"United States, Minnesota, Coon Rapids, Central Ave, 107, 71626",2024-01-30,DHL,Klarna
688,LmFrdmn48@gmail.com,Emily Geva,"United States, Louisiana, Central, South St, 104, 49523",2024-02-02,Amtrak Express Shipping,ShopPay
689,tnCn30@gmail.com,Jacob Rodriguez,"United States, Georgia, Augusta, Maple St, 130, 70597",2024-02-23,DHL,ShopPay