SUPER Fertilizer,Huge Harvest
SUPER Fertilizer,Mixed Medley
SUPER Fertilizer,Salad Ballad
SUPER Fertilizer,Expeditious Delicious Raised Bed Seedsheet
SUPER Fertilizer,Easy Breeazy caprese Raised Bed Seedsheet
SUPER Fertilizer,Roots and Shoots Fall Garden
SUPER Fertilizer,Picture Perfect Pickling Fall Garden
SUPER Fertilizer,Kaleidoscope Cut Flowers Raised Bed Seedsheet
SUPER Fertilizer,Summer Three Sisters Raised Bed Seedsheet
SUPER Fertilizer,Summer Southern Comforts Raised Bed Seedsheet
SUPER Fertilizer,Summer Pad Thai Raised Bed Seedsheet
SUPER Fertilizer,Fresh Salsa Raised Bed Seedsheet
SUPER Fertilizer,Summer Supreme Garden Kit
SUPER Fertilizer,Summer Saver Garden Kit
SUPER Fertilizer,Summer Starter Garden Kit
SUPER Fertilizer,Summer Salads Raised Bed Seedsheet
Seedsheet Organic Bio-Insecticide,Huge Harvest
Seedsheet Organic Bio-Insecticide,Mixed Medley
Seedsheet Organic Bio-Insecticide,Salad Ballad
Seedsheet Organic Bio-Insecticide,Expeditious Delicious Raised Bed Seedsheet
Seedsheet Organic Bio-Insecticide,Easy Breeazy caprese Raised Bed Seedsheet
Seedsheet Organic Bio-Insecticide,Roots and Shoots Fall Garden
Seedsheet Organic Bio-Insecticide,Picture Perfect Pickling Fall Garden
Seedsheet Organic Bio-Insecticide,Kaleidoscope Cut Flowers Raised Bed Seedsheet
Seedsheet Organic Bio-Insecticide,Summer Three Sisters Raised Bed Seedsheet
Seedsheet Organic Bio-Insecticide,Summer Southern Comforts Raised Bed Seedsheet
Seedsheet Organic Bio-Insecticide,Summer Pad Thai Raised Bed Seedsheet
Seedsheet Organic Bio-Insecticide,Fresh Salsa Raised Bed Seedsheet
Seedsheet Organic Bio-Insecticide,Summer Supreme Garden Kit
Seedsheet Organic Bio-Insecticide,Summer Saver Garden Kit
Seedsheet Organic Bio-Insecticide,Summer Starter Garden Kit
Seedsheet Organic Bio-Insecticide,Summer Salads Raised Bed Seedsheet
Raised Bed Trellis Net,Huge Harvest
Raised Bed Trellis Net,Mixed Medley
Raised Bed Trellis Net,Salad Ballad
Raised Bed Trellis Net,Expeditious Delicious Raised Bed Seedsheet
Raised Bed Trellis Net,Easy Breeazy caprese Raised Bed Seedsheet
Raised Bed Trellis Net,Roots and Shoots Fall Garden
Raised Bed Trellis Net,Picture Perfect Pickling Fall Garden
Raised Bed Trellis Net,Kaleidoscope Cut Flowers Raised Bed Seedsheet
Raised Bed Trellis Net,Summer Three Sisters Raised Bed Seedsheet
Raised Bed Trellis Net,Summer Southern Comforts Raised Bed Seedsheet
Raised Bed Trellis Net,Summer Pad Thai Raised Bed Seedsheet
Raised Bed Trellis Net,Fresh Salsa Raised Bed Seedsheet
Raised Bed Trellis Net,Summer Supreme Garden Kit
Raised Bed Trellis Net,Summer Saver Garden Kit
Raised Bed Trellis Net,Summer Starter Garden Kit
Raised Bed Trellis Net,Summer Salads Raised Bed Seedsheet
Telescoping Water Wand,Huge Harvest
Telescoping Water Wand,Mixed Medley
Telescoping Water Wand,Salad Ballad
Telescoping Water Wand,Expeditious Delicious Raised Bed Seedsheet
Telescoping Water Wand,Easy Breeazy caprese Raised Bed Seedsheet
Telescoping Water Wand,Roots and Shoots Fall Garden
Telescoping Water Wand,Picture Perfect Pickling Fall Garden
Telescoping Water Wand,Kaleidoscope Cut Flowers Raised Bed Seedsheet
Telescoping Water Wand,Summer Three Sisters Raised Bed Seedsheet
Telescoping Water Wand,Summer Southern Comforts Raised Bed Seedsheet
Telescoping Water Wand,Summer Pad Thai Raised Bed Seedsheet
Telescoping Water Wand,Fresh Salsa Raised Bed Seedsheet
Telescoping Water Wand,Summer Supreme Garden Kit
Telescoping Water Wand,Summer Saver Garden Kit
Telescoping Water Wand,Summer Starter Garden Kit
Telescoping Water Wand,Summer Salads Raised Bed Seedsheet
Pruning & Harvesting Scissors,Huge Harvest
Pruning & Harvesting Scissors,Mixed Medley
Pruning & Harvesting Scissors,Salad Ballad
Pruning & Harvesting Scissors,Expeditious Delicious Raised Bed Seedsheet
Pruning & Harvesting Scissors,Easy Breeazy caprese Raised Bed Seedsheet
Pruning & Harvesting Scissors,Roots and Shoots Fall Garden
Pruning & Harvesting Scissors,Picture Perfect Pickling Fall Garden
Pruning & Harvesting Scissors,Kaleidoscope Cut Flowers Raised Bed Seedsheet
Pruning & Harvesting Scissors,Summer Three Sisters Raised Bed Seedsheet
Pruning & Harvesting Scissors,Summer Southern Comforts Raised Bed Seedsheet
Pruning & Harvesting Scissors,Summer Pad Thai Raised Bed Seedsheet
Pruning & Harvesting Scissors,Fresh Salsa Raised Bed Seedsheet
Pruning & Harvesting Scissors,Summer Supreme Garden Kit
Pruning & Harvesting Scissors,Summer Saver Garden Kit
Pruning & Harvesting Scissors,Summer Starter Garden Kit
Pruning & Harvesting Scissors,Summer Salads Raised Bed Seedsheet
Biodegradable Planting Stakes (10-pack),Huge Harvest
Biodegradable Planting Stakes (10-pack),Mixed Medley
Biodegradable Planting Stakes (10-pack),Salad Ballad
Biodegradable Planting Stakes (10-pack),Expeditious Delicious Raised Bed Seedsheet
Biodegradable Planting Stakes (10-pack),Easy Breeazy caprese Raised Bed Seedsheet
Biodegradable Planting Stakes (10-pack),Roots and Shoots Fall Garden
Biodegradable Planting Stakes (10-pack),Picture Perfect Pickling Fall Garden
Biodegradable Planting Stakes (10-pack),Kaleidoscope Cut Flowers Raised Bed Seedsheet
Biodegradable Planting Stakes (10-pack),Summer Three Sisters Raised Bed Seedsheet
Biodegradable Planting Stakes (10-pack),Summer Southern Comforts Raised Bed Seedsheet
Biodegradable Planting Stakes (10-pack),Summer Pad Thai Raised Bed Seedsheet
Biodegradable Planting Stakes (10-pack),Fresh Salsa Raised Bed Seedsheet
Biodegradable Planting Stakes (10-pack),Summer Supreme Garden Kit
Biodegradable Planting Stakes (10-pack),Summer Saver Garden Kit
Biodegradable Planting Stakes (10-pack),Summer Starter Garden Kit
Biodegradable Planting Stakes (10-pack),Summer Salads Raised Bed Seedsheet
